project,v1,v2,tool,old_file,old_line,old_description,new_file,new_line,new_description,status,file_name_changed,still_bug,same_description,false_positive
Git,1.5.6,2.13.2,polyspace,builtin-describe.c,75,Programming Invalid use of == operator,builtin/describe.c,174,NA,changed,1,0,NA,FFP2
Git,1.5.6,2.13.2,polyspace,git.c,400,Programming Writing to const qualified object,git.c,NA,NA,deleted,0,NA,NA,FFP2
Git,1.5.6,2.13.2,polyspace,sha1_name.c,648,Dynamic memory Deallocation of previously deallocated pointer,sha1_name.c,NA,NA,deleted,0,NA,NA,FFP2
Git,1.5.6,2.13.2,polyspace,sha1_name.c,665,Dynamic memory Deallocation of previously deallocated pointer,sha1_name.c,NA,NA,deleted,0,NA,NA,FFP2
Git,1.5.6,2.13.2,polyspace,daemon.c,933,Programming Misuse of errno,daemon.c,1101,Programming Misuse of errno,moved,0,1,1,TFP
Git,1.5.6,2.13.2,polyspace,write_or_die.c,37,Programming Misuse of errno,write_or_die.c,38,NA,changed,0,0,NA,FFP2
Git,1.5.6,2.13.2,polyspace,http-push.c,1360,Dynamic memory Use of previously freed pointer,http-push.c,1000,NA,changed,0,0,NA,FFP2
Git,1.5.6,2.13.2,polyspace,connect.c,613,Static memory Pointer or reference to stack variable leaving scope,connect.c,NA,NA,deleted,0,NA,NA,FFP2
Git,1.5.6,2.13.2,polyspace,http.c,474,Static memory Pointer or reference to stack variable leaving scope,http.c,1230,Static memory Pointer or reference to stack variable leaving scope ,moved,0,1,1,TFP
Git,1.5.6,2.13.2,polyspace,builtin-ls-files.c,321,Static memory Invalid use of standard library memory routine,builtin/ls-files.c,NA,NA,deleted,1,NA,NA,FFP2
Git,1.5.6,2.13.2,polyspace,builtin-mailinfo.c,697,Static memory Invalid use of standard library memory routine,builtin-mailinfo.c,NA,NA,deleted,0,NA,NA,FFP2
Git,1.5.6,2.13.2,polyspace,builtin-mailinfo.c,701,Static memory Invalid use of standard library memory routine,builtin-mailinfo.c,NA,NA,deleted,0,NA,NA,FFP2
Git,1.5.6,2.13.2,polyspace,builtin-mailinfo.c,708,Static memory Invalid use of standard library memory routine,builtin-mailinfo.c,NA,NA,deleted,0,NA,NA,FFP2
Git,1.5.6,2.13.2,polyspace,dir.c,587,Static memory Invalid use of standard library memory routine,dir.c,NA,NA,deleted,0,NA,NA,FFP2
Git,1.5.6,2.13.2,polyspace,xdiff/xmerge.c,476,Static memory Invalid use of standard library memory routine,xdiff/xmerge.c,668,Static memory Invalid use of standard library memory routine ,moved,0,1,1,TFP
Git,1.5.6,2.13.2,polyspace,xdiff/xmerge.c,480,Static memory Invalid use of standard library memory routine,xdiff/xmerge.c,672,Static memory Invalid use of standard library memory routine ,moved,0,1,1,TFP
Git,1.5.6,2.13.2,polyspace,git-compat-util.h,281,Static memory Invalid use of standard library memory routine,git-compat-util.h,NA,NA,deleted,0,NA,NA,FFP2
Git,1.5.6,2.13.2,polyspace,daemon.c,933,Programming Errno not reset,daemon.c,1101,Programming Errno not reset ,moved,0,1,1,TFP
Git,1.5.6,2.13.2,polyspace,builtin-branch.c,91,Data flow Non-initialized pointer,builtin-branch.c,NA,NA,deleted,0,NA,NA,FFP2
Git,1.5.6,2.13.2,polyspace,builtin-cat-file.c,155,Data flow Non-initialized pointer,builtin/cat-file.c,210,NA,changed,1,0,NA,FFP2
Git,1.5.6,2.13.2,polyspace,builtin-fast-export.c,295,Data flow Non-initialized pointer,builtin/fast-export.c,803,NA,changed,1,0,NA,FFP2
Git,1.5.6,2.13.2,polyspace,builtin-fetch--tool.c,426,Data flow Non-initialized pointer,contrib/examples/builtin-fetch--tool.c,427,NA,moved,1,0,NA,FFP2
Git,1.5.6,2.13.2,polyspace,builtin-merge-file.c,43,Data flow Non-initialized pointer,builtin/merge-file.c,80,NA,changed,1,0,NA,FFP2
Git,1.5.6,2.13.2,polyspace,builtin-merge-recursive.c,1251,Data flow Non-initialized pointer,builtin-merge-recursive.c,NA,NA,deleted,0,NA,NA,FFP2
Git,1.5.6,2.13.2,polyspace,fast-import.c,1860,Data flow Non-initialized pointer,fast-import.c,2199,NA,changed,0,0,NA,FFP2
Git,1.5.6,2.13.2,polyspace,fast-import.c,2071,Data flow Non-initialized pointer,fast-import.c,2705,NA,changed,0,0,NA,FFP2
Git,1.5.6,2.13.2,polyspace,match-trees.c,75,Data flow Non-initialized pointer,match-trees.c,85,NA,changed,0,0,NA,FFP2
Git,1.5.6,2.13.2,polyspace,match-trees.c,76,Data flow Non-initialized pointer,match-trees.c,86,NA,changed,0,0,NA,FFP2
Git,1.5.6,2.13.2,polyspace,match-trees.c,77,Data flow Non-initialized pointer,match-trees.c,87,NA,changed,0,0,NA,FFP2
Git,1.5.6,2.13.2,polyspace,match-trees.c,78,Data flow Non-initialized pointer,match-trees.c,NA,NA,deleted,0,NA,NA,FFP2
Git,1.5.6,2.13.2,polyspace,builtin-fetch--tool.c,258,Data flow Non-initialized variable,contrib/examples/builtin-fetch--tool.c,259,NA,moved,1,0,NA,FFP2
Git,1.5.6,2.13.2,polyspace,builtin-fetch--tool.c,419,Data flow Non-initialized variable,contrib/examples/builtin-fetch--tool.c,420,NA,moved,1,0,NA,FFP2
Git,1.5.6,2.13.2,polyspace,builtin-merge-file.c,43,Data flow Non-initialized variable,builtin/merge-file.c,80,NA,changed,1,0,NA,FFP2
Git,1.5.6,2.13.2,polyspace,builtin-name-rev.c,245,Data flow Non-initialized variable,builtin-name-rev.c,NA,NA,deleted,0,NA,NA,FFP2
Git,1.5.6,2.13.2,polyspace,builtin-rev-list.c,668,Data flow Non-initialized variable,builtin/rev-list.c,391,Data flow Non-initialized variable ,moved,1,1,1,TFP
Git,1.5.6,2.13.2,polyspace,builtin-rev-list.c,668,Data flow Non-initialized variable,builtin/rev-list.c,391,Data flow Non-initialized variable ,moved,1,1,1,TFP
Git,1.5.6,2.13.2,polyspace,builtin-shortlog.c,119,Data flow Non-initialized variable,builtin/shortlog.c,127,NA,changed,1,0,NA,FFP2
Git,1.5.6,2.13.2,polyspace,builtin-shortlog.c,123,Data flow Non-initialized variable,builtin/shortlog.c,131,NA,changed,1,0,NA,FFP2
Git,1.5.6,2.13.2,polyspace,bundle.c,212,Data flow Non-initialized variable,bundle.c,289,NA,changed,0,0,NA,FFP2
Git,1.5.6,2.13.2,polyspace,http-push.c,613,Data flow Non-initialized variable,http-push.c,458,Data flow Non-initialized variable ,moved,0,1,1,TFP
Git,1.5.6,2.13.2,polyspace,http-push.c,615,Data flow Non-initialized variable,http-push.c,460,Data flow Non-initialized variable ,moved,0,1,1,TFP
Git,1.5.6,2.13.2,polyspace,http-push.c,921,Data flow Non-initialized variable,http-push.c,577,NA,changed,0,0,NA,FFP2
Git,1.5.6,2.13.2,polyspace,http-push.c,1031,Data flow Non-initialized variable,http-push.c,NA,NA,deleted,0,NA,NA,FFP2
Git,1.5.6,2.13.2,polyspace,http-push.c,1034,Data flow Non-initialized variable,http-push.c,NA,NA,deleted,0,NA,NA,FFP2
Git,1.5.6,2.13.2,polyspace,http-push.c,1214,Data flow Non-initialized variable,http-push.c,864,Data flow Non-initialized variable ,moved,0,1,1,TFP
Git,1.5.6,2.13.2,polyspace,http-push.c,1215,Data flow Non-initialized variable,http-push.c,865,Data flow Non-initialized variable ,moved,0,1,1,TFP
Git,1.5.6,2.13.2,polyspace,http-push.c,1254,Data flow Non-initialized variable,http-push.c,900,Data flow Non-initialized variable ,moved,0,1,1,TFP
Git,1.5.6,2.13.2,polyspace,http-push.c,1324,Data flow Non-initialized variable,http-push.c,964,Data flow Non-initialized variable ,moved,0,1,1,TFP
Git,1.5.6,2.13.2,polyspace,http-push.c,1328,Data flow Non-initialized variable,http-push.c,968,Data flow Non-initialized variable ,moved,0,1,1,TFP
Git,1.5.6,2.13.2,polyspace,http-push.c,1483,Data flow Non-initialized variable,http-push.c,1154,Data flow Non-initialized variable ,moved,0,1,1,TFP
Git,1.5.6,2.13.2,polyspace,http-push.c,1559,Data flow Non-initialized variable,http-push.c,1228,Data flow Non-initialized variable ,moved,0,1,1,TFP
Git,1.5.6,2.13.2,polyspace,http-push.c,1746,Data flow Non-initialized variable,http-push.c,1395,Data flow Non-initialized variable ,moved,0,1,1,TFP
Git,1.5.6,2.13.2,polyspace,http-push.c,1749,Data flow Non-initialized variable,http-push.c,1398,Data flow Non-initialized variable ,moved,0,1,1,TFP
Git,1.5.6,2.13.2,polyspace,http-push.c,1961,Data flow Non-initialized variable,http-push.c,1507,Data flow Non-initialized variable ,moved,0,1,1,TFP
Git,1.5.6,2.13.2,polyspace,http-push.c,1964,Data flow Non-initialized variable,http-push.c,1510,Data flow Non-initialized variable ,moved,0,1,1,TFP
Git,1.5.6,2.13.2,polyspace,http-push.c,1988,Data flow Non-initialized variable,http-push.c,NA,NA,deleted,0,NA,NA,FFP2
Git,1.5.6,2.13.2,polyspace,http-push.c,1990,Data flow Non-initialized variable,http-push.c,NA,NA,deleted,0,NA,NA,FFP2
Git,1.5.6,2.13.2,polyspace,http-push.c,2020,Data flow Non-initialized variable,http-push.c,1545,NA,changed,0,0,NA,FFP2
Git,1.5.6,2.13.2,polyspace,http-push.c,2144,Data flow Non-initialized variable,http-push.c,1663,Data flow Non-initialized variable ,moved,0,1,1,TFP
Git,1.5.6,2.13.2,polyspace,http-push.c,2146,Data flow Non-initialized variable,http-push.c,1665,NA,moved,0,0,NA,FFP2
Git,1.5.6,2.13.2,polyspace,http-walker.c,420,Data flow Non-initialized variable,http-walker.c,131,NA,changed,0,0,NA,FFP2
Git,1.5.6,2.13.2,polyspace,http-walker.c,669,Data flow Non-initialized variable,http-walker.c,NA,NA,deleted,0,NA,NA,FFP2
Git,1.5.6,2.13.2,polyspace,http-walker.c,670,Data flow Non-initialized variable,http-walker.c,NA,NA,deleted,0,NA,NA,FFP2
Git,1.5.6,2.13.2,polyspace,http-walker.c,776,Data flow Non-initialized variable,http-walker.c,447,Data flow Non-initialized variable ,moved,0,1,1,TFP
Git,1.5.6,2.13.2,polyspace,http.c,625,Data flow Non-initialized variable,http.c,1678,NA,changed,0,0,NA,FFP2
Git,1.5.6,2.13.2,polyspace,mailmap.c,16,Data flow Non-initialized variable,mailmap.c,149,NA,moved,0,0,NA,FFP2
Git,1.5.6,2.13.2,polyspace,match-trees.c,79,Data flow Non-initialized variable,match-trees.c,NA,NA,deleted,0,NA,NA,FFP2
Git,1.5.6,2.13.2,polyspace,match-trees.c,80,Data flow Non-initialized variable,match-trees.c,87,NA,changed,0,0,NA,FFP2
Git,1.5.6,2.13.2,polyspace,match-trees.c,90,Data flow Non-initialized variable,match-trees.c,NA,NA,deleted,0,NA,NA,FFP2
Git,1.5.6,2.13.2,polyspace,transport.c,111,Data flow Non-initialized variable,transport.c,NA,NA,deleted,0,NA,NA,FFP2
Git,1.5.6,2.13.2,polyspace,transport.c,129,Data flow Non-initialized variable,transport.c,NA,NA,deleted,0,NA,NA,FFP2
Git,1.5.6,2.13.2,polyspace,transport.c,464,Data flow Non-initialized variable,transport.c,NA,NA,deleted,0,NA,NA,FFP2
Git,1.5.6,2.13.2,polyspace,transport.c,466,Data flow Non-initialized variable,transport.c,NA,NA,deleted,0,NA,NA,FFP2
Git,1.5.6,2.13.2,polyspace,xdiff-interface.c,195,Data flow Non-initialized variable,xdiff-interface.c,240,NA,moved,0,0,NA,FFP2
Git,1.5.6,2.13.2,polyspace,builtin-blame.c,843,Static memory Null pointer,builtin-blame.c,NA,NA,deleted,0,NA,NA,FFP2
Git,1.5.6,2.13.2,polyspace,builtin-merge-recursive.c,864,Static memory Null pointer,builtin-merge-recursive.c,NA,NA,deleted,0,NA,NA,FFP2
Git,1.5.6,2.13.2,polyspace,builtin-merge-recursive.c,1310,Static memory Null pointer,builtin-merge-recursive.c,NA,NA,deleted,0,NA,NA,FFP2
Git,1.5.6,2.13.2,polyspace,builtin-merge-recursive.c,1310,Static memory Null pointer,builtin-merge-recursive.c,NA,NA,deleted,0,NA,NA,FFP2
Git,1.5.6,2.13.2,polyspace,builtin-unpack-objects.c,171,Static memory Null pointer,builtin/unpack-objects.c,175,NA,moved,1,0,NA,FFP2
Git,1.5.6,2.13.2,polyspace,hash.c,92,Static memory Null pointer,hash.c,NA,NA,deleted,0,NA,NA,FFP2
Git,1.5.6,2.13.2,polyspace,imap-send.c,583,Static memory Null pointer,imap-send.c,625,Static memory Null pointer ,moved,0,1,1,TFP
Git,1.5.6,2.13.2,polyspace,imap-send.c,705,Static memory Null pointer,imap-send.c,686,Static memory Null pointer ,moved,0,1,1,TFP
Git,1.5.6,2.13.2,polyspace,imap-send.c,756,Static memory Null pointer,imap-send.c,735,Static memory Null pointer ,moved,0,1,1,TFP
Git,1.5.6,2.13.2,polyspace,pack-write.c,78,Static memory Null pointer,pack-write.c,105,Static memory Null pointer ,moved,0,1,1,TFP
Git,1.5.6,2.13.2,polyspace,read-cache.c,1026,Static memory Null pointer,read-cache.c,1518,NA,moved,0,0,NA,FFP2
Git,1.5.6,2.13.2,polyspace,read-cache.c,1140,Static memory Null pointer,read-cache.c,1767,NA,moved,0,0,NA,FFP2
Git,1.5.6,2.13.2,polyspace,refs.c,1407,Static memory Null pointer,refs.c,NA,NA,deleted,0,NA,NA,FFP2
Git,1.5.6,2.13.2,polyspace,refs.c,1409,Static memory Null pointer,refs.c,NA,NA,deleted,0,NA,NA,FFP2
Git,1.5.6,2.13.2,polyspace,setup.c,311,Static memory Null pointer,setup.c,435,NA,moved,0,0,NA,FFP2
Git,1.5.6,2.13.2,polyspace,unpack-trees.c,431,Static memory Null pointer,unpack-trees.c,1431,NA,moved,0,0,NA,FFP2
Git,1.5.6,2.13.2,polyspace,unpack-trees.c,431,Static memory Null pointer,unpack-trees.c,1431,NA,moved,0,0,NA,FFP2
Git,1.5.6,2.13.2,polyspace,alloc.c,67,Programming Possibly unintended evaluation of expression because of operator precedence rules,alloc.c,105,Programming Possibly unintended evaluation of expression because of operator precedence rules ,changed,0,1,1,TFP
Git,1.5.6,2.13.2,polyspace,builtin-reflog.c,303,Programming Invalid use of standard library routine,builtin/reflog.c,NA,NA,deleted,1,NA,NA,FFP2
Git,1.5.6,2.13.2,polyspace,builtin-reflog.c,304,Programming Invalid use of standard library routine,builtin/reflog.c,NA,NA,deleted,1,NA,NA,FFP2
Git,1.5.6,2.13.2,polyspace,builtin-reflog.c,307,Programming Invalid use of standard library routine,builtin/reflog.c,NA,NA,deleted,1,NA,NA,FFP2
Git,1.5.6,2.13.2,polyspace,builtin-log.c,563,Static memory Array access out of bounds,builtin-log.c,NA,NA,deleted,0,NA,NA,FFP2
Git,1.5.6,2.13.2,polyspace,config.c,98,Static memory Array access out of bounds,config.c,368,NA,changed,0,0,NA,FFP2
Git,1.5.6,2.13.2,polyspace,config.c,105,Static memory Array access out of bounds,config.c,382,NA,changed,0,0,NA,FFP2
Git,1.5.6,2.13.2,polyspace,upload-pack.c,245,Static memory Array access out of bounds,upload-pack.c,245,NA,exact,0,0,NA,FFP2
Git,1.5.6,2.13.2,polyspace,attr.c,86,Static memory Pointer access out of bounds,attr.c,124,NA,changed,0,0,NA,FFP2
Git,1.5.6,2.13.2,polyspace,attr.c,224,Static memory Pointer access out of bounds,attr.c,579,NA,changed,0,0,NA,FFP2
Git,1.5.6,2.13.2,polyspace,attr.c,226,Static memory Pointer access out of bounds,attr.c,580,NA,changed,0,0,NA,FFP2
Git,1.5.6,2.13.2,polyspace,builtin-add.c,174,Static memory Pointer access out of bounds,builtin/add.c,NA,NA,deleted,1,NA,NA,FFP2
Git,1.5.6,2.13.2,polyspace,builtin-annotate.c,15,Static memory Pointer access out of bounds,builtin/annotate.c,15,NA,changed,1,0,NA,FFP2
Git,1.5.6,2.13.2,polyspace,builtin-blame.c,2101,Static memory Pointer access out of bounds,builtin/blame.c,2413,NA,changed,1,0,NA,FFP2
Git,1.5.6,2.13.2,polyspace,builtin-checkout.c,62,Static memory Pointer access out of bounds,builtin/checkout.c,101,NA,changed,1,0,NA,FFP2
Git,1.5.6,2.13.2,polyspace,builtin-describe.c,341,Static memory Pointer access out of bounds,builtin/describe.c,484,NA,changed,1,0,NA,FFP2
Git,1.5.6,2.13.2,polyspace,builtin-fetch.c,412,Static memory Pointer access out of bounds,builtin-fetch.c,NA,NA,deleted,0,NA,NA,FFP2
Git,1.5.6,2.13.2,polyspace,builtin-for-each-ref.c,325,Static memory Pointer access out of bounds,builtin/for-each-ref.c,NA,NA,deleted,1,NA,NA,FFP2
Git,1.5.6,2.13.2,polyspace,builtin-for-each-ref.c,565,Static memory Pointer access out of bounds,builtin-for-each-ref.c,NA,NA,deleted,0,NA,NA,FFP2
Git,1.5.6,2.13.2,polyspace,builtin-for-each-ref.c,570,Static memory Pointer access out of bounds,builtin/for-each-ref.c,NA,NA,deleted,1,NA,NA,FFP2
Git,1.5.6,2.13.2,polyspace,builtin-ls-remote.c,23,Static memory Pointer access out of bounds,builtin/ls-remote.c,26,NA,moved,1,0,NA,FFP2
Git,1.5.6,2.13.2,polyspace,builtin-mailinfo.c,92,Static memory Pointer access out of bounds,builtin/mailinfo.c,NA,NA,deleted,1,NA,NA,FFP2
Git,1.5.6,2.13.2,polyspace,builtin-mailinfo.c,318,Static memory Pointer access out of bounds,builtin-mailinfo.c,NA,NA,deleted,0,NA,NA,FFP2
Git,1.5.6,2.13.2,polyspace,builtin-mailinfo.c,442,Static memory Pointer access out of bounds,builtin-mailinfo.c,NA,NA,deleted,0,NA,NA,FFP2
Git,1.5.6,2.13.2,polyspace,builtin-mailinfo.c,469,Static memory Pointer access out of bounds,builtin-mailinfo.c,NA,NA,deleted,0,NA,NA,FFP2
Git,1.5.6,2.13.2,polyspace,builtin-mailinfo.c,711,Static memory Pointer access out of bounds,builtin-mailinfo.c,NA,NA,deleted,0,NA,NA,FFP2
Git,1.5.6,2.13.2,polyspace,builtin-pack-objects.c,1421,Static memory Pointer access out of bounds,builtin/pack-objects.c,1998,NA,moved,1,0,NA,FFP2
Git,1.5.6,2.13.2,polyspace,builtin-pack-objects.c,1502,Static memory Pointer access out of bounds,builtin/pack-objects.c,2079,NA,moved,1,0,NA,FFP2
Git,1.5.6,2.13.2,polyspace,builtin-revert.c,177,Static memory Pointer access out of bounds,builtin-revert.c,NA,NA,deleted,0,NA,NA,FFP2
Git,1.5.6,2.13.2,polyspace,builtin-tar-tree.c,31,Static memory Pointer access out of bounds,builtin-tar-tree.c,NA,NA,deleted,0,NA,NA,FFP2
Git,1.5.6,2.13.2,polyspace,builtin-update-index.c,98,Static memory Pointer access out of bounds,builtin/update-index.c,277,NA,changed,1,0,NA,FFP2
Git,1.5.6,2.13.2,polyspace,builtin-update-index.c,419,Static memory Pointer access out of bounds,builtin/update-index.c,599,NA,changed,1,0,NA,FFP2
Git,1.5.6,2.13.2,polyspace,bundle.c,199,Static memory Pointer access out of bounds,bundle.c,265,NA,changed,0,0,NA,FFP2
Git,1.5.6,2.13.2,polyspace,cache-tree.c,83,Static memory Pointer access out of bounds,cache-tree.c,83,NA,exact,0,0,NA,FFP2
Git,1.5.6,2.13.2,polyspace,cache-tree.c,84,Static memory Pointer access out of bounds,cache-tree.c,84,NA,exact,0,0,NA,FFP2
Git,1.5.6,2.13.2,polyspace,combine-diff.c,135,Static memory Pointer access out of bounds,combine-diff.c,324,NA,moved,0,0,NA,FFP2
Git,1.5.6,2.13.2,polyspace,combine-diff.c,747,Static memory Pointer access out of bounds,combine-diff.c,1115,NA,moved,0,0,NA,FFP2
Git,1.5.6,2.13.2,polyspace,diff.c,1970,Static memory Pointer access out of bounds,diff.c,NA,NA,deleted,0,NA,NA,FFP2
Git,1.5.6,2.13.2,polyspace,dir.c,384,Static memory Pointer access out of bounds,dir.c,1232,NA,moved,0,0,NA,FFP2
Git,1.5.6,2.13.2,polyspace,help.c,199,Static memory Pointer access out of bounds,help.c,NA,NA,deleted,0,NA,NA,FFP2
Git,1.5.6,2.13.2,polyspace,http-push.c,1001,Static memory Pointer access out of bounds,http-push.c,678,NA,changed,0,0,NA,FFP2
Git,1.5.6,2.13.2,polyspace,http-walker.c,445,Static memory Pointer access out of bounds,http-walker.c,NA,NA,deleted,0,NA,NA,FFP2
Git,1.5.6,2.13.2,polyspace,imap-send.c,1108,Static memory Pointer access out of bounds,imap-send.c,NA,NA,deleted,0,NA,NA,FFP2
Git,1.5.6,2.13.2,polyspace,imap-send.c,1119,Static memory Pointer access out of bounds,imap-send.c,NA,NA,deleted,0,NA,NA,FFP2
Git,1.5.6,2.13.2,polyspace,imap-send.c,1127,Static memory Pointer access out of bounds,imap-send.c,NA,NA,deleted,0,NA,NA,FFP2
Git,1.5.6,2.13.2,polyspace,read-cache.c,513,Static memory Pointer access out of bounds,read-cache.c,701,NA,moved,0,0,NA,FFP2
Git,1.5.6,2.13.2,polyspace,read-cache.c,1336,Static memory Pointer access out of bounds,read-cache.c,2041,NA,changed,0,0,NA,FFP2
Git,1.5.6,2.13.2,polyspace,receive-pack.c,260,Static memory Pointer access out of bounds,builtin/receive-pack.c,NA,NA,deleted,1,NA,NA,FFP2
Git,1.5.6,2.13.2,polyspace,receive-pack.c,335,Static memory Pointer access out of bounds,builtin/receive-pack.c,NA,NA,deleted,1,NA,NA,FFP2
Git,1.5.6,2.13.2,polyspace,remote.c,477,Static memory Pointer access out of bounds,remote.c,526,NA,moved,0,0,NA,FFP2
Git,1.5.6,2.13.2,polyspace,remote.c,874,Static memory Pointer access out of bounds,remote.c,1150,NA,moved,0,0,NA,FFP2
Git,1.5.6,2.13.2,polyspace,setup.c,79,Static memory Pointer access out of bounds,setup.c,NA,NA,deleted,0,NA,NA,FFP2
Git,1.5.6,2.13.2,polyspace,shallow.c,69,Static memory Pointer access out of bounds,shallow.c,102,Static memory Pointer access out of bounds ,moved,0,1,1,TFP
Git,1.5.6,2.13.2,polyspace,transport.c,399,Static memory Pointer access out of bounds,transport.c,NA,NA,deleted,0,NA,NA,FFP2
Git,1.5.6,2.13.2,polyspace,tree-walk.c,77,Static memory Pointer access out of bounds,tree-walk.c,102,NA,moved,0,0,NA,FFP2
Git,1.5.6,2.13.2,polyspace,tree.c,24,Static memory Pointer access out of bounds,tree.c,24,NA,exact,0,0,NA,FFP2
Git,1.5.6,2.13.2,polyspace,unpack-trees.c,50,Static memory Pointer access out of bounds,unpack-trees.c,186,NA,changed,0,0,NA,FFP2
Git,1.5.6,2.13.2,polyspace,unpack-trees.c,51,Static memory Pointer access out of bounds,unpack-trees.c,186,NA,changed,0,0,NA,FFP2
Git,1.5.6,2.13.2,polyspace,unpack-trees.c,235,Static memory Pointer access out of bounds,unpack-trees.c,773,NA,moved,0,0,NA,FFP2
Git,1.5.6,2.13.2,polyspace,xdiff-interface.c,225,Static memory Pointer access out of bounds,xdiff-interface.c,267,NA,moved,0,0,NA,FFP2
Git,1.5.6,2.13.2,polyspace,cache.h,146,Static memory Pointer access out of bounds,cache.h,244,NA,changed,0,0,NA,FFP2
Git,1.5.6,2.13.2,polyspace,builtin-describe.c,354,Programming Wrong type used in sizeof,builtin/describe.c,497,NA,changed,1,0,NA,FFP2
Git,1.5.6,2.13.2,polyspace,builtin-mv.c,206,Programming Wrong type used in sizeof,builtin/mv.c,252,Programming Wrong type used in sizeof ,moved,1,1,1,TFP
Git,1.5.6,2.13.2,polyspace,builtin-mv.c,208,Programming Wrong type used in sizeof,builtin/mv.c,254,Programming Wrong type used in sizeof ,changed,1,1,1,TFP
Git,1.5.6,2.13.2,polyspace,git.c,186,Programming Wrong type used in sizeof,git.c,287,Programming Wrong type used in sizeof ,moved,0,1,1,TFP
Git,1.5.6,2.13.2,polyspace,git.c,203,Programming Wrong type used in sizeof,git.c,303,Programming Wrong type used in sizeof ,moved,0,1,1,TFP
Git,1.5.6,2.13.2,polyspace,builtin-commit.c,530,Resource management Resource leak,builtin-commit.c,796,NA,changed,0,0,NA,FFP2
Git,1.5.6,2.13.2,polyspace,builtin-commit.c,595,Resource management Resource leak,builtin/commit.c,892,Resource management Resource leak ,changed,1,1,1,TFP
Git,1.5.6,2.13.2,polyspace,builtin-mailsplit.c,225,Resource management Resource leak,builtin/mailsplit.c,268,Resource management Resource leak ,moved,1,1,1,TFP
Git,1.5.6,2.13.2,polyspace,builtin-rerere.c,37,Resource management Resource leak,builtin-rerere.c,NA,NA,deleted,0,NA,NA,FFP2
Git,1.5.6,2.13.2,polyspace,builtin-rerere.c,41,Resource management Resource leak,builtin-rerere.c,NA,NA,deleted,0,NA,NA,FFP2
Git,1.5.6,2.13.2,polyspace,builtin-rerere.c,45,Resource management Resource leak,builtin-rerere.c,NA,NA,deleted,0,NA,NA,FFP2
Git,1.5.6,2.13.2,polyspace,bundle.c,59,Resource management Resource leak,bundle.c,67,NA,changed,0,0,NA,FFP2
Git,1.5.6,2.13.2,polyspace,daemon.c,998,Resource management Resource leak,daemon.c,NA,NA,deleted,0,NA,NA,FFP2
Git,1.5.6,2.13.2,polyspace,daemon.c,999,Resource management Resource leak,daemon.c,NA,NA,deleted,0,NA,NA,FFP2
Git,1.5.6,2.13.2,polyspace,fast-import.c,2334,Resource management Resource leak,fast-import.c,3235,NA,changed,0,0,NA,FFP2
Git,1.5.6,2.13.2,polyspace,fast-import.c,2339,Resource management Resource leak,fast-import.c,3251,NA,changed,0,0,NA,FFP2
Git,1.5.6,2.13.2,polyspace,fast-import.c,2344,Resource management Resource leak,fast-import.c,3276,NA,changed,0,0,NA,FFP2
Git,1.5.6,2.13.2,polyspace,shallow.c,38,Resource management Resource leak,shallow.c,70,Resource management Resource leak ,moved,0,1,1,TFP
Git,1.5.6,2.13.2,polyspace,transport.c,253,Resource management Resource leak,transport.c,NA,NA,deleted,0,NA,NA,FFP2
Git,1.5.6,2.13.2,polyspace,transport.c,255,Resource management Resource leak,transport.c,NA,NA,deleted,0,NA,NA,FFP2
Git,1.5.6,2.13.2,polyspace,xdiff-interface.c,157,Resource management Resource leak,xdiff-interface.c,174,NA,moved,0,0,NA,FFP2
Git,1.5.6,2.13.2,polyspace,builtin-fetch--tool.c,170,Static memory Destination buffer underflow in string manipulation,contrib/examples/builtin-fetch--tool.c,171,NA,moved,1,0,NA,FFP2
Git,1.5.6,2.13.2,polyspace,builtin-fetch.c,346,Static memory Destination buffer underflow in string manipulation,builtin/fetch.c,820,NA,changed,1,0,NA,FFP2
Git,1.5.6,2.13.2,polyspace,builtin-show-branch.c,165,Static memory Destination buffer underflow in string manipulation,builtin/show-branch.c,174,NA,changed,1,0,NA,FFP2
Git,1.5.6,2.13.2,polyspace,builtin-show-branch.c,167,Static memory Destination buffer underflow in string manipulation,builtin/show-branch.c,176,NA,changed,1,0,NA,FFP2
Git,1.5.6,2.13.2,polyspace,builtin-http-fetch.c,58,Static memory Invalid use of standard library string routine,http-fetch.c,NA,NA,deleted,1,NA,NA,FFP2
Git,1.5.6,2.13.2,polyspace,http-push.c,2242,Static memory Invalid use of standard library string routine,http-push.c,NA,NA,deleted,0,NA,NA,FFP2
Git,1.5.6,2.13.2,polyspace,imap-send.c,714,Static memory Invalid use of standard library string routine,imap-send.c,695,Static memory Invalid use of standard library string routine ,moved,0,1,1,TFP
Git,1.5.6,2.13.2,polyspace,imap-send.c,719,Static memory Invalid use of standard library string routine,imap-send.c,700,Static memory Invalid use of standard library string routine ,moved,0,1,1,TFP
Git,1.5.6,2.13.2,polyspace,imap-send.c,823,Static memory Invalid use of standard library string routine,imap-send.c,810,Static memory Invalid use of standard library string routine ,moved,0,1,1,TFP
Git,1.5.6,2.13.2,polyspace,imap-send.c,826,Static memory Invalid use of standard library string routine,imap-send.c,813,NA,changed,0,0,NA,FFP2
Git,1.5.6,2.13.2,polyspace,pretty.c,214,Static memory Invalid use of standard library string routine,pretty.c,NA,NA,deleted,0,NA,NA,FFP2
Git,1.5.6,2.13.2,polyspace,builtin-log.c,746,Programming Invalid use of = operator,builtin/log.c,1065,Programming Invalid use of = operator ,moved,1,1,1,TFP
Git,1.5.6,2.13.2,polyspace,builtin-rerere.c,42,Programming Invalid use of = operator,builtin-rerere.c,NA,NA,deleted,0,NA,NA,FFP2
Git,1.5.6,2.13.2,polyspace,attr.c,323,Resource management Opening previously opened resource,attr.c,723,Resource management Opening previously opened resource ,moved,0,1,1,TFP
Git,1.5.6,2.13.2,polyspace,builtin-fetch.c,295,Resource management Opening previously opened resource,builtin/fetch.c,737,NA,moved,1,0,NA,FFP2
Git,1.5.6,2.13.2,polyspace,builtin-rerere.c,76,Resource management Opening previously opened resource,builtin-rerere.c,NA,NA,deleted,0,NA,NA,FFP2
Git,1.5.6,2.13.2,polyspace,commit.c,165,Resource management Opening previously opened resource,commit.c,171,Resource management Opening previously opened resource ,moved,0,1,1,TFP
Git,1.5.6,2.13.2,polyspace,remote.c,247,Resource management Opening previously opened resource,remote.c,280,NA,changed,0,0,NA,FFP2
Git,1.5.6,2.13.2,polyspace,xdiff-interface.c,152,Resource management Opening previously opened resource,xdiff-interface.c,168,NA,moved,0,0,NA,FFP2
Git,1.5.6,2.13.2,polyspace,http-walker.c,934,Static memory Unreliable cast of function pointer,http-walker.c,622,Static memory Unreliable cast of function pointer ,moved,0,1,1,TFP
Git,1.5.6,2.13.2,polyspace,builtin-pack-objects.c,1503,Numerical Sign change integer conversion overflow,builtin/pack-objects.c,2080,Numerical Sign change integer conversion overflow ,moved,1,1,1,TFP
Git,1.5.6,2.13.2,polyspace,quote.c,183,Numerical Sign change integer conversion overflow,quote.c,230,Numerical Sign change integer conversion overflow ,changed,0,1,1,TFP
Git,1.5.6,2.13.2,polyspace,refs.c,1174,Numerical Sign change integer conversion overflow,refs.c,NA,NA,deleted,0,NA,NA,FFP2
Git,1.5.6,2.13.2,polyspace,sha1_file.c,259,Numerical Sign change integer conversion overflow,sha1_file.c,364,NA,changed,0,0,NA,FFP2
Git,1.5.6,2.13.2,polyspace,sha1_file.c,798,Numerical Sign change integer conversion overflow,sha1_file.c,1319,NA,changed,0,0,NA,FFP2
Git,1.5.6,2.13.2,polyspace,cache.h,548,Numerical Sign change integer conversion overflow,cache.h,1312,NA,moved,0,0,NA,FFP2
Git,1.5.6,2.13.2,polyspace,cache.h,548,Numerical Sign change integer conversion overflow,cache.h,1312,NA,moved,0,0,NA,FFP2
Git,1.5.6,2.13.2,polyspace,cache.h,548,Numerical Sign change integer conversion overflow,cache.h,1312,NA,moved,0,0,NA,FFP2
Git,1.5.6,2.13.2,polyspace,cache.h,548,Numerical Sign change integer conversion overflow,cache.h,1312,NA,moved,0,0,NA,FFP2
Git,1.5.6,2.13.2,polyspace,builtin-apply.c,3155,Data flow Useless if,builtin/apply.c,NA,NA,deleted,1,NA,NA,FFP2
Git,1.5.6,2.13.2,polyspace,builtin-config.c,271,Data flow Useless if,builtin/config.c,358,Data flow Useless if ,moved,1,1,1,TFP
Git,1.5.6,2.13.2,polyspace,builtin-config.c,274,Data flow Useless if,builtin/config.c,361,Data flow Useless if ,moved,1,1,1,TFP
Git,1.5.6,2.13.2,polyspace,builtin-grep.c,736,Data flow Useless if,builtin/grep.c,1152,NA,moved,1,0,NA,FFP2
Git,1.5.6,2.13.2,polyspace,builtin-init-db.c,423,Data flow Useless if,builtin/init-db.c,NA,NA,deleted,1,NA,NA,FFP2
Git,1.5.6,2.13.2,polyspace,builtin-mailinfo.c,320,Data flow Useless if,builtin-mailinfo.c,NA,NA,deleted,0,NA,NA,FFP2
Git,1.5.6,2.13.2,polyspace,builtin-mailinfo.c,327,Data flow Useless if,builtin-mailinfo.c,NA,NA,deleted,0,NA,NA,FFP2
Git,1.5.6,2.13.2,polyspace,builtin-mailinfo.c,783,Data flow Useless if,builtin-mailinfo.c,NA,NA,deleted,0,NA,NA,FFP2
Git,1.5.6,2.13.2,polyspace,builtin-mv.c,154,Data flow Useless if,builtin/mv.c,202,NA,changed,1,0,NA,FFP2
Git,1.5.6,2.13.2,polyspace,builtin-reset.c,152,Data flow Useless if,builtin/reset.c,NA,NA,deleted,1,NA,NA,FFP2
Git,1.5.6,2.13.2,polyspace,builtin-rm.c,174,Data flow Useless if,builtin/rm.c,293,NA,changed,1,0,NA,FFP2
Git,1.5.6,2.13.2,polyspace,cache-tree.c,526,Data flow Useless if,cache-tree.c,594,NA,changed,0,0,NA,FFP2
Git,1.5.6,2.13.2,polyspace,convert.c,105,Data flow Useless if,convert.c,206,NA,changed,0,0,NA,FFP2
Git,1.5.6,2.13.2,polyspace,diff-no-index.c,209,Data flow Useless if,diff-no-index.c,NA,NA,deleted,0,NA,NA,FFP2
Git,1.5.6,2.13.2,polyspace,git.c,457,Data flow Useless if,git.c,701,NA,changed,0,0,NA,FFP2
Git,1.5.6,2.13.2,polyspace,help.c,357,Data flow Useless if,help.c,NA,NA,deleted,0,NA,NA,FFP2
Git,1.5.6,2.13.2,polyspace,http-push.c,1581,Data flow Useless if,http-push.c,1250,Data flow Useless if ,moved,0,1,1,TFP
Git,1.5.6,2.13.2,polyspace,http-push.c,2248,Data flow Useless if,http-push.c,1787,NA,moved,0,0,NA,FFP2
Git,1.5.6,2.13.2,polyspace,http-push.c,2322,Data flow Useless if,http-push.c,1863,NA,changed,0,0,NA,FFP2
Git,1.5.6,2.13.2,polyspace,imap-send.c,317,Data flow Useless if,imap-send.c,458,NA,changed,0,0,NA,FFP2
Git,1.5.6,2.13.2,polyspace,imap-send.c,330,Data flow Useless if,imap-send.c,470,NA,changed,0,0,NA,FFP2
Git,1.5.6,2.13.2,polyspace,mailmap.c,29,Data flow Useless if,mailmap.c,NA,NA,deleted,0,NA,NA,FFP2
Git,1.5.6,2.13.2,polyspace,reflog-walk.c,181,Data flow Useless if,reflog-walk.c,191,Data flow Useless if ,moved,0,1,1,TFP
Git,1.5.6,2.13.2,polyspace,setup.c,64,Data flow Useless if,setup.c,NA,NA,deleted,0,NA,NA,FFP2
Git,1.5.6,2.13.2,polyspace,sha1_file.c,251,Data flow Useless if,sha1_file.c,NA,NA,deleted,0,NA,NA,FFP2
Git,1.5.6,2.13.2,polyspace,sha1_file.c,507,Data flow Useless if,sha1_file.c,807,Data flow Useless if ,moved,0,1,1,TFP
Git,1.5.6,2.13.2,polyspace,unpack-trees.c,936,Data flow Useless if,unpack-trees.c,NA,NA,deleted,0,NA,NA,FFP2
Git,1.5.6,2.13.2,polyspace,xdiff/xprepare.c,175,Data flow Useless if,xdiff/xprepare.c,NA,NA,deleted,0,NA,NA,FFP2
Git,1.5.6,2.13.2,polyspace,xdiff/xutils.c,170,Data flow Useless if,xdiff/xutils.c,NA,NA,deleted,0,NA,NA,FFP2
Git,1.5.6,2.13.2,polyspace,builtin-apply.c,1092,Data flow Dead code,builtin/apply.c,NA,NA,deleted,1,NA,NA,FFP2
Git,1.5.6,2.13.2,polyspace,builtin-apply.c,1094,Data flow Dead code,builtin/apply.c,NA,NA,deleted,1,NA,NA,FFP2
Git,1.5.6,2.13.2,polyspace,builtin-archive.c,40,Data flow Dead code,builtin-archive.c,NA,NA,deleted,0,NA,NA,FFP2
Git,1.5.6,2.13.2,polyspace,builtin-blame.c,545,Data flow Dead code,builtin-blame.c,NA,NA,deleted,0,NA,NA,FFP2
Git,1.5.6,2.13.2,polyspace,builtin-blame.c,843,Data flow Dead code,builtin-blame.c,NA,NA,deleted,0,NA,NA,FFP2
Git,1.5.6,2.13.2,polyspace,builtin-blame.c,983,Data flow Dead code,builtin-blame.c,NA,NA,deleted,0,NA,NA,FFP2
Git,1.5.6,2.13.2,polyspace,builtin-commit.c,571,Data flow Dead code,builtin/commit.c,869,NA,changed,1,0,NA,FFP2
Git,1.5.6,2.13.2,polyspace,builtin-fetch-pack.c,609,Data flow Dead code,builtin/fetch-pack.c,NA,NA,deleted,1,NA,NA,FFP2
Git,1.5.6,2.13.2,polyspace,builtin-fetch-pack.c,735,Data flow Dead code,builtin-fetch-pack.c,NA,NA,deleted,0,NA,NA,FFP2
Git,1.5.6,2.13.2,polyspace,builtin-for-each-ref.c,401,Data flow Dead code,builtin/for-each-ref.c,NA,NA,deleted,1,NA,NA,FFP2
Git,1.5.6,2.13.2,polyspace,builtin-for-each-ref.c,420,Data flow Dead code,builtin/for-each-ref.c,NA,NA,deleted,1,NA,NA,FFP2
Git,1.5.6,2.13.2,polyspace,builtin-grep.c,721,Data flow Dead code,builtin-grep.c,1134,NA,changed,0,0,NA,FFP2
Git,1.5.6,2.13.2,polyspace,builtin-init-db.c,123,Data flow Dead code,builtin-init-db.c,105,NA,changed,0,0,NA,FFP2
Git,1.5.6,2.13.2,polyspace,builtin-mailsplit.c,111,Data flow Dead code,builtin/mailsplit.c,NA,NA,deleted,1,NA,NA,FFP2
Git,1.5.6,2.13.2,polyspace,builtin-remote.c,242,Data flow Dead code,builtin-remote.c,NA,NA,deleted,0,NA,NA,FFP2
Git,1.5.6,2.13.2,polyspace,builtin-show-ref.c,251,Data flow Dead code,builtin/show-ref.c,216,Data flow Dead code ,moved,1,1,1,TFP
Git,1.5.6,2.13.2,polyspace,builtin-update-index.c,689,Data flow Dead code,builtin/update-index.c,1035,NA,changed,1,0,NA,FFP2
Git,1.5.6,2.13.2,polyspace,builtin-write-tree.c,33,Data flow Dead code,builtin-write-tree.c,NA,NA,deleted,0,NA,NA,FFP2
Git,1.5.6,2.13.2,polyspace,daemon.c,360,Data flow Dead code,daemon.c,NA,NA,deleted,0,NA,NA,FFP2
Git,1.5.6,2.13.2,polyspace,date.c,492,Data flow Dead code,date.c,595,NA,changed,0,0,NA,FFP2
Git,1.5.6,2.13.2,polyspace,diff.c,1460,Data flow Dead code,diff.c,2666,NA,changed,0,0,NA,FFP2
Git,1.5.6,2.13.2,polyspace,diff.c,1581,Data flow Dead code,diff.c,2683,NA,moved,0,0,NA,FFP2
Git,1.5.6,2.13.2,polyspace,diff.c,1650,Data flow Dead code,diff.c,2968,NA,changed,0,0,NA,FFP2
Git,1.5.6,2.13.2,polyspace,entry.c,225,Data flow Dead code,entry.c,313,Data flow Dead code ,moved,0,1,1,TFP
Git,1.5.6,2.13.2,polyspace,git.c,225,Data flow Dead code,git.c,322,NA,moved,0,0,NA,FFP2
Git,1.5.6,2.13.2,polyspace,git.c,160,Data flow Dead code,git.c,260,NA,moved,0,0,NA,FFP2
Git,1.5.6,2.13.2,polyspace,help.c,664,Data flow Dead code,help.c,233,NA,changed,0,0,NA,FFP2
Git,1.5.6,2.13.2,polyspace,http-push.c,975,Data flow Dead code,http-push.c,643,NA,changed,0,0,NA,FFP2
Git,1.5.6,2.13.2,polyspace,http-push.c,2442,Data flow Dead code,http-push.c,1974,NA,moved,0,0,NA,FFP2
Git,1.5.6,2.13.2,polyspace,imap-send.c,301,Data flow Dead code,imap-send.c,443,NA,changed,0,0,NA,FFP2
Git,1.5.6,2.13.2,polyspace,imap-send.c,464,Data flow Dead code,imap-send.c,547,NA,changed,0,0,NA,FFP2
Git,1.5.6,2.13.2,polyspace,merge-tree.c,202,Data flow Dead code,builtin/merge-tree.c,NA,NA,deleted,1,NA,NA,FFP2
Git,1.5.6,2.13.2,polyspace,object.c,143,Data flow Dead code,object.c,192,Data flow Dead code ,moved,0,1,1,TFP
Git,1.5.6,2.13.2,polyspace,object.c,152,Data flow Dead code,object.c,203,Data flow Dead code ,moved,0,1,1,TFP
Git,1.5.6,2.13.2,polyspace,path.c,271,Data flow Dead code,path.c,760,NA,changed,0,0,NA,FFP2
Git,1.5.6,2.13.2,polyspace,receive-pack.c,354,Data flow Dead code,builtin/receive-pack.c,1670,Data flow Dead code ,moved,1,1,1,TFP
Git,1.5.6,2.13.2,polyspace,revision.c,302,Data flow Dead code,revision.c,458,NA,changed,0,0,NA,FFP2
Git,1.5.6,2.13.2,polyspace,sha1_file.c,529,Data flow Dead code,sha1_file.c,829,Data flow Dead code ,moved,0,1,1,TFP
Git,1.5.6,2.13.2,polyspace,sha1_file.c,1077,Data flow Dead code,sha1_file.c,1809,NA,changed,0,0,NA,FFP2
Git,1.5.6,2.13.2,polyspace,walker.c,89,Data flow Dead code,walker.c,90,Data flow Dead code ,moved,0,1,1,TFP
Git,1.5.6,2.13.2,polyspace,walker.c,97,Data flow Dead code,walker.c,98,Data flow Dead code ,moved,0,1,1,TFP
Git,1.5.6,2.13.2,polyspace,walker.c,284,Data flow Dead code,walker.c,286,Data flow Dead code ,moved,0,1,1,TFP
Git,1.5.6,2.13.2,polyspace,xdiff/xprepare.c,75,Data flow Dead code,xdiff/xprepare.c,77,Data flow Dead code ,moved,0,1,1,TFP
Git,1.5.6,2.13.2,polyspace,xdiff/xprepare.c,150,Data flow Dead code,xdiff/xprepare.c,179,Data flow Dead code ,changed,0,1,1,TFP
Git,1.5.6,2.13.2,polyspace,builtin-merge-file.c,11,Data flow Partially accessed array,builtin-merge-file.c,25,NA,changed,0,0,NA,FFP2
Git,1.5.6,2.13.2,polyspace,diff-lib.c,64,Data flow Partially accessed array,diff-lib.c,NA,NA,deleted,0,NA,NA,FFP2
Git,1.5.6,2.13.2,polyspace,archive-tar.c,99,Programming Format string specifiers and arguments mismatch,archive-tar.c,150,Programming Format string specifiers and arguments mismatch ,moved,0,1,1,TFP
Git,1.5.6,2.13.2,polyspace,builtin-apply.c,2008,Programming Format string specifiers and arguments mismatch,builtin/apply.c,NA,NA,deleted,1,NA,NA,FFP2
Git,1.5.6,2.13.2,polyspace,builtin-apply.c,2008,Programming Format string specifiers and arguments mismatch,builtin/apply.c,NA,NA,deleted,1,NA,NA,FFP2
Git,1.5.6,2.13.2,polyspace,builtin-apply.c,2147,Programming Format string specifiers and arguments mismatch,builtin/apply.c,NA,NA,deleted,1,NA,NA,FFP2
Git,1.5.6,2.13.2,polyspace,builtin-blame.c,1654,Programming Format string specifiers and arguments mismatch,builtin/blame.c,1965,Programming Format string specifiers and arguments mismatch ,moved,1,1,1,TFP
Git,1.5.6,2.13.2,polyspace,builtin-blame.c,2408,Programming Format string specifiers and arguments mismatch,builtin/blame.c,2881,NA,changed,1,0,NA,FFP2
Git,1.5.6,2.13.2,polyspace,builtin-fast-export.c,105,Programming Format string specifiers and arguments mismatch,builtin-fast-export.c,129,NA,changed,0,0,NA,FFP2
Git,1.5.6,2.13.2,polyspace,builtin-fast-export.c,194,Programming Format string specifiers and arguments mismatch,builtin/fast-export.c,592,NA,changed,1,0,NA,FFP2
Git,1.5.6,2.13.2,polyspace,builtin-pack-objects.c,1812,Programming Format string specifiers and arguments mismatch,builtin-pack-objects.c,2483,NA,changed,0,0,NA,FFP2
Git,1.5.6,2.13.2,polyspace,builtin-shortlog.c,286,Programming Format string specifiers and arguments mismatch,builtin-shortlog.c,324,NA,changed,0,0,NA,FFP2
Git,1.5.6,2.13.2,polyspace,builtin-shortlog.c,288,Programming Format string specifiers and arguments mismatch,builtin-shortlog.c,328,NA,changed,0,0,NA,FFP2
Git,1.5.6,2.13.2,polyspace,bundle.c,155,Programming Format string specifiers and arguments mismatch,bundle.c,187,NA,changed,0,0,NA,FFP2
Git,1.5.6,2.13.2,polyspace,bundle.c,159,Programming Format string specifiers and arguments mismatch,bundle.c,196,NA,changed,0,0,NA,FFP2
Git,1.5.6,2.13.2,polyspace,daemon.c,1008,Programming Format string specifiers and arguments mismatch,daemon.c,NA,NA,deleted,0,NA,NA,FFP2
Git,1.5.6,2.13.2,polyspace,diff.c,980,Programming Format string specifiers and arguments mismatch,diff.c,2213,NA,changed,0,0,NA,FFP2
Git,1.5.6,2.13.2,polyspace,diff.c,980,Programming Format string specifiers and arguments mismatch,diff.c,2213,NA,changed,0,0,NA,FFP2
Git,1.5.6,2.13.2,polyspace,diff.c,1234,Programming Format string specifiers and arguments mismatch,diff.c,2422,NA,changed,0,0,NA,FFP2
Git,1.5.6,2.13.2,polyspace,fast-import.c,157,Programming Format string specifiers and arguments mismatch,fast-import.c,173,Programming Format string specifiers and arguments mismatch ,moved,0,1,1,TFP
Git,1.5.6,2.13.2,polyspace,fast-import.c,369,Programming Format string specifiers and arguments mismatch,fast-import.c,400,Programming Format string specifiers and arguments mismatch ,moved,0,1,1,TFP
Git,1.5.6,2.13.2,polyspace,grep.c,232,Programming Format string specifiers and arguments mismatch,grep.c,NA,NA,deleted,0,NA,NA,FFP2
Git,1.5.6,2.13.2,polyspace,grep.c,339,Programming Format string specifiers and arguments mismatch,grep.c,1066,Programming Format string specifiers and arguments mismatch ,changed,0,1,1,TFP
Git,1.5.6,2.13.2,polyspace,http-push.c,702,Programming Format string specifiers and arguments mismatch,http-push.c,541,Programming Format string specifiers and arguments mismatch ,moved,0,1,1,TFP
Git,1.5.6,2.13.2,polyspace,http-push.c,712,Programming Format string specifiers and arguments mismatch,http-push.c,551,Programming Format string specifiers and arguments mismatch ,moved,0,1,1,TFP
Git,1.5.6,2.13.2,polyspace,http-push.c,726,Programming Format string specifiers and arguments mismatch,http-push.c,565,Programming Format string specifiers and arguments mismatch ,moved,0,1,1,TFP
Git,1.5.6,2.13.2,polyspace,http-push.c,1587,Programming Format string specifiers and arguments mismatch,http-push.c,1256,NA,changed,0,0,NA,FFP2
Git,1.5.6,2.13.2,polyspace,http-push.c,1749,Programming Format string specifiers and arguments mismatch,http-push.c,1398,Programming Format string specifiers and arguments mismatch ,moved,0,1,1,TFP
Git,1.5.6,2.13.2,polyspace,http-push.c,1964,Programming Format string specifiers and arguments mismatch,http-push.c,1510,Programming Format string specifiers and arguments mismatch ,moved,0,1,1,TFP
Git,1.5.6,2.13.2,polyspace,http-push.c,2146,Programming Format string specifiers and arguments mismatch,http-push.c,1665,NA,moved,0,0,NA,FFP2
Git,1.5.6,2.13.2,polyspace,http-walker.c,858,Programming Format string specifiers and arguments mismatch,http-walker.c,538,NA,changed,0,0,NA,FFP2
Git,1.5.6,2.13.2,polyspace,index-pack.c,774,Programming Format string specifiers and arguments mismatch,index-pack.c,1479,NA,changed,0,0,NA,FFP2
Git,1.5.6,2.13.2,polyspace,log-tree.c,155,Programming Format string specifiers and arguments mismatch,log-tree.c,341,Programming Format string specifiers and arguments mismatch ,moved,0,1,1,TFP
Git,1.5.6,2.13.2,polyspace,pack-check.c,149,Programming Format string specifiers and arguments mismatch,pack-check.c,NA,NA,deleted,0,NA,NA,FFP2
Git,1.5.6,2.13.2,polyspace,pack-check.c,150,Programming Format string specifiers and arguments mismatch,pack-check.c,NA,NA,deleted,0,NA,NA,FFP2
Git,1.5.6,2.13.2,polyspace,pack-check.c,154,Programming Format string specifiers and arguments mismatch,pack-check.c,NA,NA,deleted,0,NA,NA,FFP2
Git,1.5.6,2.13.2,polyspace,pkt-line.c,105,Programming Format string specifiers and arguments mismatch,pkt-line.c,295,NA,moved,0,0,NA,FFP2
Git,1.5.6,2.13.2,polyspace,progress.c,121,Programming Format string specifiers and arguments mismatch,progress.c,NA,NA,deleted,0,NA,NA,FFP2
Git,1.5.6,2.13.2,polyspace,progress.c,122,Programming Format string specifiers and arguments mismatch,progress.c,133,NA,changed,0,0,NA,FFP2
Git,1.5.6,2.13.2,polyspace,progress.c,125,Programming Format string specifiers and arguments mismatch,progress.c,NA,NA,deleted,0,NA,NA,FFP2
Git,1.5.6,2.13.2,polyspace,progress.c,126,Programming Format string specifiers and arguments mismatch,progress.c,134,NA,changed,0,0,NA,FFP2
Git,1.5.6,2.13.2,polyspace,progress.c,129,Programming Format string specifiers and arguments mismatch,progress.c,NA,NA,deleted,0,NA,NA,FFP2
Git,1.5.6,2.13.2,polyspace,progress.c,130,Programming Format string specifiers and arguments mismatch,progress.c,135,NA,changed,0,0,NA,FFP2
Git,1.5.6,2.13.2,polyspace,progress.c,132,Programming Format string specifiers and arguments mismatch,progress.c,136,NA,changed,0,0,NA,FFP2
Git,1.5.6,2.13.2,polyspace,sha1_file.c,477,Programming Format string specifiers and arguments mismatch,sha1_file.c,777,NA,moved,0,0,NA,FFP2
Git,1.5.6,2.13.2,polyspace,show-index.c,36,Programming Format string specifiers and arguments mismatch,show-index.c,41,Programming Format string specifiers and arguments mismatch ,moved,0,1,1,TFP
Git,1.5.6,2.13.2,polyspace,show-index.c,49,Programming Format string specifiers and arguments mismatch,show-index.c,55,Programming Format string specifiers and arguments mismatch ,moved,0,1,1,TFP
Git,1.5.6,2.13.2,polyspace,show-index.c,52,Programming Format string specifiers and arguments mismatch,show-index.c,58,Programming Format string specifiers and arguments mismatch ,moved,0,1,1,TFP
Git,1.5.6,2.13.2,polyspace,show-index.c,55,Programming Format string specifiers and arguments mismatch,show-index.c,61,Programming Format string specifiers and arguments mismatch ,moved,0,1,1,TFP
Git,1.5.6,2.13.2,polyspace,cache.h,172,Programming Format string specifiers and arguments mismatch,cache.h,264,NA,moved,0,0,NA,FFP2
Git,1.5.6,2.13.2,polyspace,builtin-blame.c,538,Data flow Write without a further read,builtin-blame.c,NA,NA,deleted,0,NA,NA,FFP2
Git,1.5.6,2.13.2,polyspace,builtin-clone.c,352,Data flow Write without a further read,builtin-clone.c,NA,NA,deleted,0,NA,NA,FFP2
Git,1.5.6,2.13.2,polyspace,builtin-clone.c,359,Data flow Write without a further read,builtin-clone.c,NA,NA,deleted,0,NA,NA,FFP2
Git,1.5.6,2.13.2,polyspace,builtin-diff-tree.c,72,Data flow Write without a further read,builtin-diff-tree.c,NA,NA,deleted,0,NA,NA,FFP2
Git,1.5.6,2.13.2,polyspace,builtin-fetch--tool.c,172,Data flow Write without a further read,contrib/examples/builtin-fetch--tool.c,173,NA,moved,1,0,NA,FFP2
Git,1.5.6,2.13.2,polyspace,builtin-fetch.c,348,Data flow Write without a further read,builtin-fetch.c,NA,NA,deleted,0,NA,NA,FFP2
Git,1.5.6,2.13.2,polyspace,builtin-fetch.c,419,Data flow Write without a further read,builtin-fetch.c,NA,NA,deleted,0,NA,NA,FFP2
Git,1.5.6,2.13.2,polyspace,builtin-grep.c,318,Data flow Write without a further read,builtin-grep.c,NA,NA,deleted,0,NA,NA,FFP2
Git,1.5.6,2.13.2,polyspace,builtin-grep.c,328,Data flow Write without a further read,builtin-grep.c,NA,NA,deleted,0,NA,NA,FFP2
Git,1.5.6,2.13.2,polyspace,builtin-log.c,591,Data flow Write without a further read,builtin-log.c,851,NA,changed,0,0,NA,FFP2
Git,1.5.6,2.13.2,polyspace,builtin-mailinfo.c,112,Data flow Write without a further read,builtin-mailinfo.c,NA,NA,deleted,0,NA,NA,FFP2
Git,1.5.6,2.13.2,polyspace,builtin-merge-recursive.c,832,Data flow Write without a further read,builtin-merge-recursive.c,NA,NA,deleted,0,NA,NA,FFP2
Git,1.5.6,2.13.2,polyspace,builtin-merge-recursive.c,835,Data flow Write without a further read,builtin-merge-recursive.c,NA,NA,deleted,0,NA,NA,FFP2
Git,1.5.6,2.13.2,polyspace,builtin-pack-objects.c,505,Data flow Write without a further read,builtin-pack-objects.c,NA,NA,deleted,0,NA,NA,FFP2
Git,1.5.6,2.13.2,polyspace,builtin-pack-objects.c,2204,Data flow Write without a further read,builtin/pack-objects.c,NA,NA,deleted,1,NA,NA,FFP2
Git,1.5.6,2.13.2,polyspace,builtin-rev-parse.c,363,Data flow Write without a further read,builtin-rev-parse.c,502,NA,changed,0,0,NA,FFP2
Git,1.5.6,2.13.2,polyspace,builtin-show-branch.c,165,Data flow Write without a further read,builtin/show-branch.c,174,NA,changed,1,0,NA,FFP2
Git,1.5.6,2.13.2,polyspace,builtin-show-branch.c,167,Data flow Write without a further read,builtin/show-branch.c,176,NA,changed,1,0,NA,FFP2
Git,1.5.6,2.13.2,polyspace,color.c,104,Data flow Write without a further read,color.c,290,Data flow Write without a further read ,moved,0,1,1,TFP
Git,1.5.6,2.13.2,polyspace,combine-diff.c,222,Data flow Write without a further read,combine-diff.c,415,NA,changed,0,0,NA,FFP2
Git,1.5.6,2.13.2,polyspace,combine-diff.c,223,Data flow Write without a further read,combine-diff.c,415,NA,moved,0,0,NA,FFP2
Git,1.5.6,2.13.2,polyspace,combine-diff.c,225,Data flow Write without a further read,combine-diff.c,417,NA,moved,0,0,NA,FFP2
Git,1.5.6,2.13.2,polyspace,combine-diff.c,226,Data flow Write without a further read,combine-diff.c,418,NA,moved,0,0,NA,FFP2
Git,1.5.6,2.13.2,polyspace,combine-diff.c,227,Data flow Write without a further read,combine-diff.c,419,NA,moved,0,0,NA,FFP2
Git,1.5.6,2.13.2,polyspace,combine-diff.c,942,Data flow Write without a further read,combine-diff.c,1323,NA,changed,0,0,NA,FFP2
Git,1.5.6,2.13.2,polyspace,connect.c,21,Data flow Write without a further read,connect.c,NA,NA,deleted,0,NA,NA,FFP2
Git,1.5.6,2.13.2,polyspace,convert.c,290,Data flow Write without a further read,convert.c,469,Data flow Write without a further read ,moved,0,1,1,TFP
Git,1.5.6,2.13.2,polyspace,convert.c,291,Data flow Write without a further read,convert.c,470,Data flow Write without a further read ,moved,0,1,1,TFP
Git,1.5.6,2.13.2,polyspace,convert.c,292,Data flow Write without a further read,convert.c,472,Data flow Write without a further read ,moved,0,1,1,TFP
Git,1.5.6,2.13.2,polyspace,diff-lib.c,69,Data flow Write without a further read,diff-lib.c,NA,NA,deleted,0,NA,NA,FFP2
Git,1.5.6,2.13.2,polyspace,diff.c,921,Data flow Write without a further read,diff.c,NA,NA,deleted,0,NA,NA,FFP2
Git,1.5.6,2.13.2,polyspace,diff.c,928,Data flow Write without a further read,diff.c,NA,NA,deleted,0,NA,NA,FFP2
Git,1.5.6,2.13.2,polyspace,diff.c,1789,Data flow Write without a further read,diff.c,3102,NA,changed,0,0,NA,FFP2
Git,1.5.6,2.13.2,polyspace,diffcore-break.c,67,Data flow Write without a further read,diffcore-break.c,NA,NA,deleted,0,NA,NA,FFP2
Git,1.5.6,2.13.2,polyspace,fast-import.c,1755,Data flow Write without a further read,fast-import.c,NA,NA,deleted,0,NA,NA,FFP2
Git,1.5.6,2.13.2,polyspace,fsck.c,210,Data flow Write without a further read,fsck.c,NA,NA,deleted,0,NA,NA,FFP2
Git,1.5.6,2.13.2,polyspace,help.c,646,Data flow Write without a further read,help.c,179,NA,changed,0,0,NA,FFP2
Git,1.5.6,2.13.2,polyspace,http-walker.c,625,Data flow Write without a further read,http-walker.c,380,Data flow Write without a further read ,moved,0,1,1,TFP
Git,1.5.6,2.13.2,polyspace,http-walker.c,628,Data flow Write without a further read,http-walker.c,383,Data flow Write without a further read ,moved,0,1,1,TFP
Git,1.5.6,2.13.2,polyspace,pretty.c,146,Data flow Write without a further read,pretty.c,NA,NA,deleted,0,NA,NA,FFP2
Git,1.5.6,2.13.2,polyspace,reachable.c,81,Data flow Write without a further read,reachable.c,NA,NA,deleted,0,NA,NA,FFP2
Git,1.5.6,2.13.2,polyspace,reachable.c,82,Data flow Write without a further read,reachable.c,NA,NA,deleted,0,NA,NA,FFP2
Git,1.5.6,2.13.2,polyspace,receive-pack.c,383,Data flow Write without a further read,builtin/receive-pack.c,1839,NA,changed,1,0,NA,FFP2
Git,1.5.6,2.13.2,polyspace,receive-pack.c,420,Data flow Write without a further read,builtin/receive-pack.c,NA,NA,deleted,1,NA,NA,FFP2
Git,1.5.6,2.13.2,polyspace,remote.c,438,Data flow Write without a further read,remote.c,491,NA,changed,0,0,NA,FFP2
Git,1.5.6,2.13.2,polyspace,transport.c,310,Data flow Write without a further read,transport.c,NA,NA,deleted,0,NA,NA,FFP2
Git,1.5.6,2.13.2,polyspace,transport.c,335,Data flow Write without a further read,transport.c,NA,NA,deleted,0,NA,NA,FFP2
Git,1.5.6,2.13.2,polyspace,upload-pack.c,168,Data flow Write without a further read,upload-pack.c,132,NA,changed,0,0,NA,FFP2
Git,1.5.6,2.13.2,polyspace,upload-pack.c,411,Data flow Write without a further read,upload-pack.c,NA,NA,deleted,0,NA,NA,FFP2
Git,1.5.6,2.13.2,polyspace,builtin-add.c,243,Data flow Variable shadowing,builtin-add.c,NA,NA,deleted,0,NA,NA,FFP2
Git,1.5.6,2.13.2,polyspace,builtin-apply.c,306,Data flow Variable shadowing,builtin/apply.c,NA,NA,deleted,1,NA,NA,FFP2
Git,1.5.6,2.13.2,polyspace,builtin-apply.c,1532,Data flow Variable shadowing,builtin/apply.c,NA,NA,deleted,1,NA,NA,FFP2
Git,1.5.6,2.13.2,polyspace,builtin-blame.c,1250,Data flow Variable shadowing,builtin-blame.c,1475,NA,changed,0,0,NA,FFP2
Git,1.5.6,2.13.2,polyspace,builtin-blame.c,1264,Data flow Variable shadowing,builtin-blame.c,1496,NA,changed,0,0,NA,FFP2
Git,1.5.6,2.13.2,polyspace,builtin-blame.c,1278,Data flow Variable shadowing,builtin-blame.c,1523,NA,changed,0,0,NA,FFP2
Git,1.5.6,2.13.2,polyspace,builtin-commit.c,251,Data flow Variable shadowing,builtin/commit.c,NA,NA,deleted,1,NA,NA,FFP2
Git,1.5.6,2.13.2,polyspace,builtin-config.c,150,Data flow Variable shadowing,builtin-config.c,272,NA,changed,0,0,NA,FFP2
Git,1.5.6,2.13.2,polyspace,builtin-describe.c,263,Data flow Variable shadowing,builtin/describe.c,370,Data flow Variable shadowing ,changed,1,1,1,TFP
Git,1.5.6,2.13.2,polyspace,builtin-diff.c,307,Data flow Variable shadowing,builtin/diff.c,374,Data flow Variable shadowing ,moved,1,1,1,TFP
Git,1.5.6,2.13.2,polyspace,builtin-fetch--tool.c,271,Data flow Variable shadowing,contrib/examples/builtin-fetch--tool.c,272,NA,moved,1,0,NA,FFP2
Git,1.5.6,2.13.2,polyspace,builtin-fetch--tool.c,456,Data flow Variable shadowing,contrib/examples/builtin-fetch--tool.c,457,NA,moved,1,0,NA,FFP2
Git,1.5.6,2.13.2,polyspace,builtin-fetch-pack.c,218,Data flow Variable shadowing,builtin/fetch-pack.c,NA,NA,deleted,1,NA,NA,FFP2
Git,1.5.6,2.13.2,polyspace,builtin-fetch-pack.c,798,Data flow Variable shadowing,builtin/fetch-pack.c,NA,NA,deleted,1,NA,NA,FFP2
Git,1.5.6,2.13.2,polyspace,builtin-fetch.c,110,Data flow Variable shadowing,builtin/fetch.c,305,NA,moved,1,0,NA,FFP2
Git,1.5.6,2.13.2,polyspace,builtin-fetch.c,111,Data flow Variable shadowing,builtin/fetch.c,200,NA,changed,1,0,NA,FFP2
Git,1.5.6,2.13.2,polyspace,builtin-fetch.c,195,Data flow Variable shadowing,builtin-fetch.c,NA,NA,deleted,0,NA,NA,FFP2
Git,1.5.6,2.13.2,polyspace,builtin-fetch.c,435,Data flow Variable shadowing,builtin/fetch.c,900,NA,moved,1,0,NA,FFP2
Git,1.5.6,2.13.2,polyspace,builtin-fetch.c,465,Data flow Variable shadowing,builtin/fetch.c,NA,NA,deleted,1,NA,NA,FFP2
Git,1.5.6,2.13.2,polyspace,builtin-fetch.c,518,Data flow Variable shadowing,builtin/fetch.c,1057,NA,moved,1,0,NA,FFP2
Git,1.5.6,2.13.2,polyspace,builtin-fmt-merge-msg.c,146,Data flow Variable shadowing,builtin/fmt-merge-msg.c,179,Data flow Variable shadowing ,moved,1,1,1,TFP
Git,1.5.6,2.13.2,polyspace,builtin-for-each-ref.c,278,Data flow Variable shadowing,builtin/for-each-ref.c,NA,NA,deleted,1,NA,NA,FFP2
Git,1.5.6,2.13.2,polyspace,builtin-grep.c,348,Data flow Variable shadowing,builtin-grep.c,NA,NA,deleted,0,NA,NA,FFP2
Git,1.5.6,2.13.2,polyspace,builtin-init-db.c,387,Data flow Variable shadowing,builtin-init-db.c,515,NA,changed,0,0,NA,FFP2
Git,1.5.6,2.13.2,polyspace,builtin-log.c,668,Data flow Variable shadowing,builtin/log.c,NA,NA,deleted,1,NA,NA,FFP2
Git,1.5.6,2.13.2,polyspace,builtin-log.c,969,Data flow Variable shadowing,builtin/log.c,NA,NA,deleted,1,NA,NA,FFP2
Git,1.5.6,2.13.2,polyspace,builtin-ls-files.c,44,Data flow Variable shadowing,builtin-ls-files.c,NA,NA,deleted,0,NA,NA,FFP2
Git,1.5.6,2.13.2,polyspace,builtin-ls-files.c,389,Data flow Variable shadowing,builtin/ls-files.c,NA,NA,deleted,1,NA,NA,FFP2
Git,1.5.6,2.13.2,polyspace,builtin-ls-files.c,389,Data flow Variable shadowing,builtin/ls-files.c,NA,NA,deleted,1,NA,NA,FFP2
Git,1.5.6,2.13.2,polyspace,builtin-ls-files.c,389,Data flow Variable shadowing,builtin/ls-files.c,NA,NA,deleted,1,NA,NA,FFP2
Git,1.5.6,2.13.2,polyspace,builtin-mailinfo.c,31,Data flow Variable shadowing,builtin-mailinfo.c,NA,NA,deleted,0,NA,NA,FFP2
Git,1.5.6,2.13.2,polyspace,builtin-mailinfo.c,31,Data flow Variable shadowing,builtin-mailinfo.c,NA,NA,deleted,0,NA,NA,FFP2
Git,1.5.6,2.13.2,polyspace,builtin-mailinfo.c,41,Data flow Variable shadowing,builtin-mailinfo.c,NA,NA,deleted,0,NA,NA,FFP2
Git,1.5.6,2.13.2,polyspace,builtin-mailinfo.c,73,Data flow Variable shadowing,builtin-mailinfo.c,NA,NA,deleted,0,NA,NA,FFP2
Git,1.5.6,2.13.2,polyspace,builtin-mailinfo.c,143,Data flow Variable shadowing,builtin-mailinfo.c,NA,NA,deleted,0,NA,NA,FFP2
Git,1.5.6,2.13.2,polyspace,builtin-mailinfo.c,159,Data flow Variable shadowing,builtin-mailinfo.c,NA,NA,deleted,0,NA,NA,FFP2
Git,1.5.6,2.13.2,polyspace,builtin-mailinfo.c,159,Data flow Variable shadowing,builtin-mailinfo.c,NA,NA,deleted,0,NA,NA,FFP2
Git,1.5.6,2.13.2,polyspace,builtin-mailinfo.c,190,Data flow Variable shadowing,builtin-mailinfo.c,NA,NA,deleted,0,NA,NA,FFP2
Git,1.5.6,2.13.2,polyspace,builtin-mailinfo.c,214,Data flow Variable shadowing,builtin-mailinfo.c,NA,NA,deleted,0,NA,NA,FFP2
Git,1.5.6,2.13.2,polyspace,builtin-mailinfo.c,225,Data flow Variable shadowing,builtin-mailinfo.c,NA,NA,deleted,0,NA,NA,FFP2
Git,1.5.6,2.13.2,polyspace,builtin-mailinfo.c,230,Data flow Variable shadowing,builtin-mailinfo.c,NA,NA,deleted,0,NA,NA,FFP2
Git,1.5.6,2.13.2,polyspace,builtin-mailinfo.c,295,Data flow Variable shadowing,builtin-mailinfo.c,NA,NA,deleted,0,NA,NA,FFP2
Git,1.5.6,2.13.2,polyspace,builtin-mailinfo.c,349,Data flow Variable shadowing,builtin-mailinfo.c,NA,NA,deleted,0,NA,NA,FFP2
Git,1.5.6,2.13.2,polyspace,builtin-mailinfo.c,381,Data flow Variable shadowing,builtin-mailinfo.c,NA,NA,deleted,0,NA,NA,FFP2
Git,1.5.6,2.13.2,polyspace,builtin-mailinfo.c,524,Data flow Variable shadowing,builtin-mailinfo.c,NA,NA,deleted,0,NA,NA,FFP2
Git,1.5.6,2.13.2,polyspace,builtin-mailinfo.c,533,Data flow Variable shadowing,builtin-mailinfo.c,NA,NA,deleted,0,NA,NA,FFP2
Git,1.5.6,2.13.2,polyspace,builtin-mailinfo.c,533,Data flow Variable shadowing,builtin-mailinfo.c,NA,NA,deleted,0,NA,NA,FFP2
Git,1.5.6,2.13.2,polyspace,builtin-mailinfo.c,628,Data flow Variable shadowing,builtin-mailinfo.c,NA,NA,deleted,0,NA,NA,FFP2
Git,1.5.6,2.13.2,polyspace,builtin-mailinfo.c,694,Data flow Variable shadowing,builtin-mailinfo.c,NA,NA,deleted,0,NA,NA,FFP2
Git,1.5.6,2.13.2,polyspace,builtin-mailinfo.c,727,Data flow Variable shadowing,builtin-mailinfo.c,NA,NA,deleted,0,NA,NA,FFP2
Git,1.5.6,2.13.2,polyspace,builtin-mailinfo.c,763,Data flow Variable shadowing,builtin-mailinfo.c,NA,NA,deleted,0,NA,NA,FFP2
Git,1.5.6,2.13.2,polyspace,builtin-mailinfo.c,770,Data flow Variable shadowing,builtin-mailinfo.c,NA,NA,deleted,0,NA,NA,FFP2
Git,1.5.6,2.13.2,polyspace,builtin-mailinfo.c,870,Data flow Variable shadowing,builtin-mailinfo.c,NA,NA,deleted,0,NA,NA,FFP2
Git,1.5.6,2.13.2,polyspace,builtin-mailsplit.c,49,Data flow Variable shadowing,builtin-mailsplit.c,NA,NA,deleted,0,NA,NA,FFP2
Git,1.5.6,2.13.2,polyspace,builtin-merge-recursive.c,200,Data flow Variable shadowing,builtin-merge-recursive.c,NA,NA,deleted,0,NA,NA,FFP2
Git,1.5.6,2.13.2,polyspace,builtin-pack-objects.c,905,Data flow Variable shadowing,builtin/pack-objects.c,1250,Data flow Variable shadowing ,moved,1,1,1,TFP
Git,1.5.6,2.13.2,polyspace,builtin-pack-objects.c,1393,Data flow Variable shadowing,builtin/pack-objects.c,1971,Data flow Variable shadowing ,moved,1,1,1,TFP
Git,1.5.6,2.13.2,polyspace,builtin-pack-objects.c,1393,Data flow Variable shadowing,builtin/pack-objects.c,1971,Data flow Variable shadowing ,moved,1,1,1,TFP
Git,1.5.6,2.13.2,polyspace,builtin-pack-objects.c,1718,Data flow Variable shadowing,builtin/pack-objects.c,2366,Data flow Variable shadowing ,moved,1,1,1,TFP
Git,1.5.6,2.13.2,polyspace,builtin-pack-objects.c,1718,Data flow Variable shadowing,builtin/pack-objects.c,2366,Data flow Variable shadowing ,moved,1,1,1,TFP
Git,1.5.6,2.13.2,polyspace,builtin-reflog.c,414,Data flow Variable shadowing,builtin/reflog.c,584,Data flow Variable shadowing ,moved,1,1,1,TFP
Git,1.5.6,2.13.2,polyspace,builtin-rev-list.c,568,Data flow Variable shadowing,builtin-rev-list.c,NA,NA,deleted,0,NA,NA,FFP2
Git,1.5.6,2.13.2,polyspace,builtin-revert.c,410,Data flow Variable shadowing,builtin-revert.c,NA,NA,deleted,0,NA,NA,FFP2
Git,1.5.6,2.13.2,polyspace,builtin-show-branch.c,497,Data flow Variable shadowing,builtin/show-branch.c,504,Data flow Variable shadowing ,moved,1,1,1,TFP
Git,1.5.6,2.13.2,polyspace,builtin-show-branch.c,882,Data flow Variable shadowing,builtin/show-branch.c,899,Data flow Variable shadowing ,changed,1,1,1,TFP
Git,1.5.6,2.13.2,polyspace,builtin-unpack-objects.c,41,Data flow Variable shadowing,builtin/unpack-objects.c,43,Data flow Variable shadowing ,moved,1,1,1,TFP
Git,1.5.6,2.13.2,polyspace,builtin-unpack-objects.c,194,Data flow Variable shadowing,builtin/unpack-objects.c,200,Data flow Variable shadowing ,changed,1,1,1,TFP
Git,1.5.6,2.13.2,polyspace,combine-diff.c,705,Data flow Variable shadowing,combine-diff.c,1031,Data flow Variable shadowing ,moved,0,1,1,TFP
Git,1.5.6,2.13.2,polyspace,config.c,159,Data flow Variable shadowing,config.c,609,Data flow Variable shadowing ,moved,0,1,1,TFP
Git,1.5.6,2.13.2,polyspace,config.c,924,Data flow Variable shadowing,config.c,2362,NA,moved,0,0,NA,FFP2
Git,1.5.6,2.13.2,polyspace,daemon.c,930,Data flow Variable shadowing,daemon.c,1096,Data flow Variable shadowing ,moved,0,1,1,TFP
Git,1.5.6,2.13.2,polyspace,dir.c,267,Data flow Variable shadowing,dir.c,869,NA,changed,0,0,NA,FFP2
Git,1.5.6,2.13.2,polyspace,path.c,369,Data flow Variable shadowing,path.c,NA,NA,deleted,0,NA,NA,FFP2
Git,1.5.6,2.13.2,polyspace,reflog-walk.c,249,Data flow Variable shadowing,reflog-walk.c,343,NA,moved,0,0,NA,FFP2
Git,1.5.6,2.13.2,polyspace,refs.c,185,Data flow Variable shadowing,refs.c,357,NA,changed,0,0,NA,FFP2
Git,1.5.6,2.13.2,polyspace,remote.c,187,Data flow Variable shadowing,remote.c,236,NA,moved,0,0,NA,FFP2
Git,1.5.6,2.13.2,polyspace,remote.c,327,Data flow Variable shadowing,remote.c,343,NA,moved,0,0,NA,FFP2
Git,1.5.6,2.13.2,polyspace,revision.c,101,Data flow Variable shadowing,revision.c,102,Data flow Variable shadowing ,changed,0,1,1,TFP
Git,1.5.6,2.13.2,polyspace,setup.c,105,Data flow Variable shadowing,setup.c,34,NA,changed,0,0,NA,FFP2
Git,1.5.6,2.13.2,polyspace,unpack-trees.c,522,Data flow Variable shadowing,unpack-trees.c,1567,NA,changed,0,0,NA,FFP2
