project,    olod_version,   new_version,    tool,    old_file,    old_line,    old_description,    new_file,     new_line,     new_description,     line_status,    file_status,    still_bug,    description_status,    false_positive
ALPSCore/ALPSCore, d9b0adf670321d3a2dc232eb75ef766d5fcf030c, 7969b6a9174f8ea6f07c4b35966d4769607112a8, RATS, expression/evaluator.C,41, random, not_tracted, not_tracted, not_tracted, not_tracted, not_tracted,  not_tracted, not_tracted,    not_tracted
ALPSCore/ALPSCore, d9b0adf670321d3a2dc232eb75ef766d5fcf030c, 7969b6a9174f8ea6f07c4b35966d4769607112a8, RATS, fortran/fwrapper_impl.C,84, fixed size local buffer, not_tracted, not_tracted, not_tracted, not_tracted, not_tracted,  not_tracted, not_tracted,    not_tracted
ALPSCore/ALPSCore, d9b0adf670321d3a2dc232eb75ef766d5fcf030c, 7969b6a9174f8ea6f07c4b35966d4769607112a8, RATS, hdf5/archive.cpp,290, fixed size local buffer, hdf5/src/archive.cpp, NA, NA, Deleted, Changed,  NA, NA,    FFP3
ALPSCore/ALPSCore, d9b0adf670321d3a2dc232eb75ef766d5fcf030c, 7969b6a9174f8ea6f07c4b35966d4769607112a8, RATS, hdf5/archive.cpp,291, sprintf, hdf5/src/archive.cpp, NA, NA, Deleted, Changed,  NA, NA,    FFP3
ALPSCore/ALPSCore, d9b0adf670321d3a2dc232eb75ef766d5fcf030c, 7969b6a9174f8ea6f07c4b35966d4769607112a8, RATS, hdf5/archive.cpp,292, sprintf, hdf5/src/archive.cpp, NA, NA, Deleted, Changed,  NA, NA,    FFP3
ALPSCore/ALPSCore, d9b0adf670321d3a2dc232eb75ef766d5fcf030c, 7969b6a9174f8ea6f07c4b35966d4769607112a8, RATS, hdf5/archive.cpp,291, sprintf, hdf5/src/archive.cpp, NA, NA, Deleted, Changed,  NA, NA,    FFP3
ALPSCore/ALPSCore, d9b0adf670321d3a2dc232eb75ef766d5fcf030c, 7969b6a9174f8ea6f07c4b35966d4769607112a8, RATS, hdf5/archive.cpp,292, sprintf, hdf5/src/archive.cpp, NA, NA, Deleted, Changed,  NA, NA,    FFP3
ALPSCore/ALPSCore, d9b0adf670321d3a2dc232eb75ef766d5fcf030c, 7969b6a9174f8ea6f07c4b35966d4769607112a8, RATS, mcbase.cpp,36, random, mc/src/mcbase.cpp,14, random, Altered, Changed,  Yes, Constant,  TFP
ALPSCore/ALPSCore, d9b0adf670321d3a2dc232eb75ef766d5fcf030c, 7969b6a9174f8ea6f07c4b35966d4769607112a8, RATS, ngs/lib/parapack.cpp,364, getenv, import/src/ngs/lib/parapack.cpp, NA, NA, Deleted, Changed,  NA, NA,    FFP3
ALPSCore/ALPSCore, d9b0adf670321d3a2dc232eb75ef766d5fcf030c, 7969b6a9174f8ea6f07c4b35966d4769607112a8, RATS, ngs/lib/parapack.cpp,726, getenv, import/src/ngs/lib/parapack.cpp, NA, NA, Deleted, Changed,  NA, NA,    FFP3
ALPSCore/ALPSCore, d9b0adf670321d3a2dc232eb75ef766d5fcf030c, 7969b6a9174f8ea6f07c4b35966d4769607112a8, RATS, ngs/lib/signal.cpp,44, signal, utilities/src/signal.cpp,22, signal, Moved, Changed,  Yes, Constant,    TFP
ALPSCore/ALPSCore, d9b0adf670321d3a2dc232eb75ef766d5fcf030c, 7969b6a9174f8ea6f07c4b35966d4769607112a8, RATS, osiris/dump.C,168, fixed size local buffer, not_tracted, not_tracted, not_tracted, not_tracted, not_tracted,  not_tracted, not_tracted,    not_tracted
ALPSCore/ALPSCore, d9b0adf670321d3a2dc232eb75ef766d5fcf030c, 7969b6a9174f8ea6f07c4b35966d4769607112a8, RATS, osiris/xdrcore.C,382, fixed size local buffer, not_tracted, not_tracted, not_tracted, not_tracted, not_tracted,  not_tracted, not_tracted,    not_tracted
ALPSCore/ALPSCore, d9b0adf670321d3a2dc232eb75ef766d5fcf030c, 7969b6a9174f8ea6f07c4b35966d4769607112a8, RATS, osiris/mpdump.C,370, read, not_tracted, not_tracted, not_tracted, not_tracted, not_tracted,  not_tracted, not_tracted,    not_tracted
ALPSCore/ALPSCore, d9b0adf670321d3a2dc232eb75ef766d5fcf030c, 7969b6a9174f8ea6f07c4b35966d4769607112a8, RATS, parameter/parameter.C,59, getenv, not_tracted, not_tracted, not_tracted, not_tracted, not_tracted,  not_tracted, not_tracted,    not_tracted
ALPSCore/ALPSCore, d9b0adf670321d3a2dc232eb75ef766d5fcf030c, 7969b6a9174f8ea6f07c4b35966d4769607112a8, RATS, parapack/parapack.C,373, getenv, not_tracted, not_tracted, not_tracted, not_tracted, not_tracted,  not_tracted, not_tracted,    not_tracted
ALPSCore/ALPSCore, d9b0adf670321d3a2dc232eb75ef766d5fcf030c, 7969b6a9174f8ea6f07c4b35966d4769607112a8, RATS, parapack/parapack.C,758, getenv, not_tracted, not_tracted, not_tracted, not_tracted, not_tracted,  not_tracted, not_tracted,    not_tracted
ALPSCore/ALPSCore, d9b0adf670321d3a2dc232eb75ef766d5fcf030c, 7969b6a9174f8ea6f07c4b35966d4769607112a8, RATS, parser/xmlparser.C,231, fixed size local buffer, not_tracted, not_tracted, not_tracted, not_tracted, not_tracted,  not_tracted, not_tracted,    not_tracted
ALPSCore/ALPSCore, d9b0adf670321d3a2dc232eb75ef766d5fcf030c, 7969b6a9174f8ea6f07c4b35966d4769607112a8, RATS, parser/xmlparser.C,257, fixed size local buffer, not_tracted, not_tracted, not_tracted, not_tracted, not_tracted,  not_tracted, not_tracted,    not_tracted
ALPSCore/ALPSCore, d9b0adf670321d3a2dc232eb75ef766d5fcf030c, 7969b6a9174f8ea6f07c4b35966d4769607112a8, RATS, parser/xslt_path.C,39, getenv, not_tracted, not_tracted, not_tracted, not_tracted, not_tracted,  not_tracted, not_tracted,    not_tracted
ALPSCore/ALPSCore, d9b0adf670321d3a2dc232eb75ef766d5fcf030c, 7969b6a9174f8ea6f07c4b35966d4769607112a8, RATS, parser/xslt_path.C,61, getenv, not_tracted, not_tracted, not_tracted, not_tracted, not_tracted,  not_tracted, not_tracted,    not_tracted
ALPSCore/ALPSCore, d9b0adf670321d3a2dc232eb75ef766d5fcf030c, 7969b6a9174f8ea6f07c4b35966d4769607112a8, RATS, parser/xslt_path.C,65, getenv, not_tracted, not_tracted, not_tracted, not_tracted, not_tracted,  not_tracted, not_tracted,    not_tracted
ALPSCore/ALPSCore, d9b0adf670321d3a2dc232eb75ef766d5fcf030c, 7969b6a9174f8ea6f07c4b35966d4769607112a8, RATS, parser/xmlparser.C,127, read, not_tracted, not_tracted, not_tracted, not_tracted, not_tracted,  not_tracted, not_tracted,    not_tracted
ALPSCore/ALPSCore, d9b0adf670321d3a2dc232eb75ef766d5fcf030c, 7969b6a9174f8ea6f07c4b35966d4769607112a8, RATS, parser/xmlparser.C,234, read, not_tracted, not_tracted, not_tracted, not_tracted, not_tracted,  not_tracted, not_tracted,    not_tracted
ALPSCore/ALPSCore, d9b0adf670321d3a2dc232eb75ef766d5fcf030c, 7969b6a9174f8ea6f07c4b35966d4769607112a8, RATS, parser/xmlparser.C,259, read, not_tracted, not_tracted, not_tracted, not_tracted, not_tracted,  not_tracted, not_tracted,    not_tracted
ALPSCore/ALPSCore, d9b0adf670321d3a2dc232eb75ef766d5fcf030c, 7969b6a9174f8ea6f07c4b35966d4769607112a8, RATS, scheduler/worker.C,62, random, not_tracted, not_tracted, not_tracted, not_tracted, not_tracted,  not_tracted, not_tracted,    not_tracted
ALPSCore/ALPSCore, d9b0adf670321d3a2dc232eb75ef766d5fcf030c, 7969b6a9174f8ea6f07c4b35966d4769607112a8, RATS, scheduler/worker.C,83, random, not_tracted, not_tracted, not_tracted, not_tracted, not_tracted,  not_tracted, not_tracted,    not_tracted
ALPSCore/ALPSCore, d9b0adf670321d3a2dc232eb75ef766d5fcf030c, 7969b6a9174f8ea6f07c4b35966d4769607112a8, RATS, scheduler/worker.C,130, read, not_tracted, not_tracted, not_tracted, not_tracted, not_tracted,  not_tracted, not_tracted,    not_tracted
ALPSCore/ALPSCore, d9b0adf670321d3a2dc232eb75ef766d5fcf030c, 7969b6a9174f8ea6f07c4b35966d4769607112a8, RATS, scheduler/worker.C,168, read, not_tracted, not_tracted, not_tracted, not_tracted, not_tracted,  not_tracted, not_tracted,    not_tracted
ALPSCore/ALPSCore, d9b0adf670321d3a2dc232eb75ef766d5fcf030c, 7969b6a9174f8ea6f07c4b35966d4769607112a8, RATS, utility/os.cpp,68, fixed size local buffer, utility/src/os.cpp, NA, NA, Deleted, Changed,  NA, NA,    FFP3
ALPSCore/ALPSCore, d9b0adf670321d3a2dc232eb75ef766d5fcf030c, 7969b6a9174f8ea6f07c4b35966d4769607112a8, RATS, utility/os.cpp,74, fixed size local buffer, utility/src/os.cpp, NA, NA, Deleted, Changed,  NA, NA,    FFP3
ALPSCore/ALPSCore, d9b0adf670321d3a2dc232eb75ef766d5fcf030c, 7969b6a9174f8ea6f07c4b35966d4769607112a8, RATS, utility/os.cpp,107, getenv, utility/src/os.cpp, NA, NA, Deleted, Changed,  NA, NA,    FFP3
ALPSCore/ALPSCore, d9b0adf670321d3a2dc232eb75ef766d5fcf030c, 7969b6a9174f8ea6f07c4b35966d4769607112a8, RATS, utility/os.cpp,108, getenv, utility/src/os.cpp, NA, NA, Deleted, Changed,  NA, NA,    FFP3
ALPSCore/ALPSCore, d9b0adf670321d3a2dc232eb75ef766d5fcf030c, 7969b6a9174f8ea6f07c4b35966d4769607112a8, RATS, utility/os.cpp,109, getenv, utility/src/os.cpp, NA, NA, Deleted, Changed,  NA, NA,    FFP3
ALPSCore/ALPSCore, d9b0adf670321d3a2dc232eb75ef766d5fcf030c, 7969b6a9174f8ea6f07c4b35966d4769607112a8, RATS, utility/os.cpp,110, getenv, utility/src/os.cpp, NA, NA, Deleted, Changed,  NA, NA,    FFP3
ALPSCore/ALPSCore, d9b0adf670321d3a2dc232eb75ef766d5fcf030c, 7969b6a9174f8ea6f07c4b35966d4769607112a8, RATS, utility/os.cpp,123, GetTempPath, utility/src/os.cpp, NA, NA, Deleted, Changed,  NA, NA,    FFP3
ALPSCore/ALPSCore, d9b0adf670321d3a2dc232eb75ef766d5fcf030c, 7969b6a9174f8ea6f07c4b35966d4769607112a8, RATS, utility/os.cpp,92, getlogin, utilities/src/os.cpp, NA, NA, Deleted, Changed,  NA, NA,    FFP3
ALPSCore/ALPSCore, d9b0adf670321d3a2dc232eb75ef766d5fcf030c, 7969b6a9174f8ea6f07c4b35966d4769607112a8, RATS, utility/os.cpp,93, getlogin, utilities/src/os.cpp, NA, NA, Deleted, Changed,  NA, NA,    FFP3
ALPSCore/ALPSCore, d9b0adf670321d3a2dc232eb75ef766d5fcf030c, 7969b6a9174f8ea6f07c4b35966d4769607112a8, Flawfinder, alea/mcdata.hpp,912, (buffer) char, import/src/alea/mcdata.hpp, NA, NA, Deleted, Changed,  NA, NA,    FFP3
ALPSCore/ALPSCore, d9b0adf670321d3a2dc232eb75ef766d5fcf030c, 7969b6a9174f8ea6f07c4b35966d4769607112a8, Flawfinder, expression/evaluator.C,41, (buffer) char, not_tracted, not_tracted, not_tracted, not_tracted, not_tracted,  not_tracted, not_tracted,    not_tracted
ALPSCore/ALPSCore, d9b0adf670321d3a2dc232eb75ef766d5fcf030c, 7969b6a9174f8ea6f07c4b35966d4769607112a8, Flawfinder, expression/evaluator.h,48, (buffer) char, not_tracted, not_tracted, not_tracted, not_tracted, not_tracted,  not_tracted, not_tracted,    not_tracted
ALPSCore/ALPSCore, d9b0adf670321d3a2dc232eb75ef766d5fcf030c, 7969b6a9174f8ea6f07c4b35966d4769607112a8, Flawfinder, expression/evaluator.h,211, (buffer) char, not_tracted, not_tracted, not_tracted, not_tracted, not_tracted,  not_tracted, not_tracted,    not_tracted
ALPSCore/ALPSCore, d9b0adf670321d3a2dc232eb75ef766d5fcf030c, 7969b6a9174f8ea6f07c4b35966d4769607112a8, Flawfinder, expression/evaluator.h,240, (buffer) char, not_tracted, not_tracted, not_tracted, not_tracted, not_tracted,  not_tracted, not_tracted,    not_tracted
ALPSCore/ALPSCore, d9b0adf670321d3a2dc232eb75ef766d5fcf030c, 7969b6a9174f8ea6f07c4b35966d4769607112a8, Flawfinder, fixed_capacity/uninitialized_array.h,77, (buffer) char, not_tracted, not_tracted, not_tracted, not_tracted, not_tracted,  not_tracted, not_tracted,    not_tracted
ALPSCore/ALPSCore, d9b0adf670321d3a2dc232eb75ef766d5fcf030c, 7969b6a9174f8ea6f07c4b35966d4769607112a8, Flawfinder, fortran/fwrapper_impl.C,137, (buffer) char, not_tracted, not_tracted, not_tracted, not_tracted, not_tracted,  not_tracted, not_tracted,    not_tracted
ALPSCore/ALPSCore, d9b0adf670321d3a2dc232eb75ef766d5fcf030c, 7969b6a9174f8ea6f07c4b35966d4769607112a8, Flawfinder, fortran/fwrapper_impl.C,95, (buffer) char, not_tracted, not_tracted, not_tracted, not_tracted, not_tracted,  not_tracted, not_tracted,    not_tracted
ALPSCore/ALPSCore, d9b0adf670321d3a2dc232eb75ef766d5fcf030c, 7969b6a9174f8ea6f07c4b35966d4769607112a8, Flawfinder, graph/lattice_constant_debug.hpp,303, (buffer) char, import/src/graph/lattice_constant_debug.hpp, NA, NA, Deleted, Changed,  NA, NA,    FFP3
ALPSCore/ALPSCore, d9b0adf670321d3a2dc232eb75ef766d5fcf030c, 7969b6a9174f8ea6f07c4b35966d4769607112a8, Flawfinder, hdf5/archive.cpp,291, (buffer) char, hdf5/src/archive.cpp, NA, NA, Deleted, Changed,  NA, NA,    FFP3
ALPSCore/ALPSCore, d9b0adf670321d3a2dc232eb75ef766d5fcf030c, 7969b6a9174f8ea6f07c4b35966d4769607112a8, Flawfinder, hdf5/archive.cpp,292, (buffer) char, hdf5/src/archive.cpp, NA, NA, Deleted, Changed,  NA, NA,    FFP3
ALPSCore/ALPSCore, d9b0adf670321d3a2dc232eb75ef766d5fcf030c, 7969b6a9174f8ea6f07c4b35966d4769607112a8, Flawfinder, hdf5/archive.cpp,290, (buffer) char, hdf5/src/archive.cpp, NA, NA, Deleted, Changed,  NA, NA,    FFP3
ALPSCore/ALPSCore, d9b0adf670321d3a2dc232eb75ef766d5fcf030c, 7969b6a9174f8ea6f07c4b35966d4769607112a8, Flawfinder, hdf5/archive.cpp,904, (buffer) char, hdf5/src/archive.cpp,862, (buffer) char, Moved, Changed,  Yes, Constant,    TFP
ALPSCore/ALPSCore, d9b0adf670321d3a2dc232eb75ef766d5fcf030c, 7969b6a9174f8ea6f07c4b35966d4769607112a8, Flawfinder, hdf5/archive.cpp,942, (buffer) char, hdf5/src/archive.cpp,900, (buffer) char, Moved, Changed,  Yes, Constant,    TFP
ALPSCore/ALPSCore, d9b0adf670321d3a2dc232eb75ef766d5fcf030c, 7969b6a9174f8ea6f07c4b35966d4769607112a8, Flawfinder, hdf5/python.cpp,186, (buffer) char, hdf5/src/python.cpp, NA, NA, Deleted, Changed,  NA, NA,    FFP3
ALPSCore/ALPSCore, d9b0adf670321d3a2dc232eb75ef766d5fcf030c, 7969b6a9174f8ea6f07c4b35966d4769607112a8, Flawfinder, hdf5/archive.cpp,782, (buffer) char, hdf5/src/archive.cpp,743, (buffer) char, Moved, Changed,  Yes, Constant,    TFP
ALPSCore/ALPSCore, d9b0adf670321d3a2dc232eb75ef766d5fcf030c, 7969b6a9174f8ea6f07c4b35966d4769607112a8, Flawfinder, hdf5/archive.cpp,874, (buffer) char, hdf5/src/archive.cpp,831, (buffer) char, Moved, Changed,  Yes, Constant,    TFP
ALPSCore/ALPSCore, d9b0adf670321d3a2dc232eb75ef766d5fcf030c, 7969b6a9174f8ea6f07c4b35966d4769607112a8, Flawfinder, hdf5/archive.cpp,1285, (buffer) char, hdf5/src/archive.cpp,1244, (buffer) char, Moved, Changed,  Yes, Constant,    TFP
ALPSCore/ALPSCore, d9b0adf670321d3a2dc232eb75ef766d5fcf030c, 7969b6a9174f8ea6f07c4b35966d4769607112a8, Flawfinder, hdf5/archive.cpp,1287, (buffer) char, hdf5/src/archive.cpp,1246, (buffer) char, Moved, Changed,  Yes, Constant,    TFP
ALPSCore/ALPSCore, d9b0adf670321d3a2dc232eb75ef766d5fcf030c, 7969b6a9174f8ea6f07c4b35966d4769607112a8, Flawfinder, hdf5/archive.hpp,179, (buffer) char, hdf5/include/alps/hdf5/archive.hpp,162, (buffer) char, Moved, Changed,  Yes, Constant,    TFP
ALPSCore/ALPSCore, d9b0adf670321d3a2dc232eb75ef766d5fcf030c, 7969b6a9174f8ea6f07c4b35966d4769607112a8, Flawfinder, hdf5/archive.hpp,199, (buffer) char, hdf5/include/alps/hdf5/archive.hpp,182, (buffer) char, Moved, Changed,  Yes, Constant,    TFP
ALPSCore/ALPSCore, d9b0adf670321d3a2dc232eb75ef766d5fcf030c, 7969b6a9174f8ea6f07c4b35966d4769607112a8, Flawfinder, hdf5/archive.hpp,200, (buffer) char, hdf5/include/alps/hdf5/archive.hpp,183, (buffer) char, Moved, Changed,  Yes, Constant,    TFP
ALPSCore/ALPSCore, d9b0adf670321d3a2dc232eb75ef766d5fcf030c, 7969b6a9174f8ea6f07c4b35966d4769607112a8, Flawfinder, hdf5/array.hpp,184, (buffer) char, hdf5/include/alps/hdf5/array.hpp,163, (buffer) char, Moved, Changed,  Yes, Constant,    TFP
ALPSCore/ALPSCore, d9b0adf670321d3a2dc232eb75ef766d5fcf030c, 7969b6a9174f8ea6f07c4b35966d4769607112a8, Flawfinder, hdf5/complex.hpp,122, (buffer) char, hdf5/include/alps/hdf5/complex.hpp,101, (buffer) char, Moved, Changed,  Yes, Constant,    TFP
ALPSCore/ALPSCore, d9b0adf670321d3a2dc232eb75ef766d5fcf030c, 7969b6a9174f8ea6f07c4b35966d4769607112a8, Flawfinder, hdf5/matrix.hpp,253, (buffer) char, hdf5/include/alps/hdf5/matrix.hpp, NA, NA, Deleted, Changed,  NA, NA,    FFP3
ALPSCore/ALPSCore, d9b0adf670321d3a2dc232eb75ef766d5fcf030c, 7969b6a9174f8ea6f07c4b35966d4769607112a8, Flawfinder, hdf5/multi_array.hpp,200, (buffer) char, hdf5/include/alps/hdf5/multi_array.hpp,186, (buffer) char, Moved, Changed,  Yes, Constant,    TFP
ALPSCore/ALPSCore, d9b0adf670321d3a2dc232eb75ef766d5fcf030c, 7969b6a9174f8ea6f07c4b35966d4769607112a8, Flawfinder, hdf5/pair.hpp,236, (buffer) char, hdf5/include/alps/hdf5/pair.hpp,219, (buffer) char, Moved, Changed,  Yes, Constant,    TFP
ALPSCore/ALPSCore, d9b0adf670321d3a2dc232eb75ef766d5fcf030c, 7969b6a9174f8ea6f07c4b35966d4769607112a8, Flawfinder, hdf5/ublas/matrix.hpp,148, (buffer) char, import/src/hdf5/ublas/matrix.hpp, NA, NA, Deleted, Changed,  NA, NA,    FFP3
ALPSCore/ALPSCore, d9b0adf670321d3a2dc232eb75ef766d5fcf030c, 7969b6a9174f8ea6f07c4b35966d4769607112a8, Flawfinder, hdf5/ublas/vector.hpp,181, (buffer) char, import/src/hdf5/ublas/vector.hpp, NA, NA, Deleted, Changed,  NA, NA,    FFP3
ALPSCore/ALPSCore, d9b0adf670321d3a2dc232eb75ef766d5fcf030c, 7969b6a9174f8ea6f07c4b35966d4769607112a8, Flawfinder, hdf5/valarray.hpp,177, (buffer) char, hdf5/include/alps/hdf5/valarray.hpp,160, (buffer) char, Moved, Changed,  Yes, Constant,    TFP
ALPSCore/ALPSCore, d9b0adf670321d3a2dc232eb75ef766d5fcf030c, 7969b6a9174f8ea6f07c4b35966d4769607112a8, Flawfinder, hdf5/vector.hpp,195, (buffer) char, hdf5/include/alps/hdf5/vector.hpp,235, (buffer) char, Moved, Changed,  Yes, Constant,    TFP
ALPSCore/ALPSCore, d9b0adf670321d3a2dc232eb75ef766d5fcf030c, 7969b6a9174f8ea6f07c4b35966d4769607112a8, Flawfinder, mcbase.cpp,36, (buffer) char, mc/src/mcbase.cpp,14, (buffer) char, Altered, Changed,  Yes, Constant,  TFP
ALPSCore/ALPSCore, d9b0adf670321d3a2dc232eb75ef766d5fcf030c, 7969b6a9174f8ea6f07c4b35966d4769607112a8, Flawfinder, mcbase.cpp,90, (buffer) char, mcbase.cpp,69, NA, Altered, Constant,  No, NA,  FFP2
ALPSCore/ALPSCore, d9b0adf670321d3a2dc232eb75ef766d5fcf030c, 7969b6a9174f8ea6f07c4b35966d4769607112a8, Flawfinder, mcbase.cpp,96, (buffer) char, mcbase.cpp,75, NA, Altered, Constant,  No, NA,  FFP2
ALPSCore/ALPSCore, d9b0adf670321d3a2dc232eb75ef766d5fcf030c, 7969b6a9174f8ea6f07c4b35966d4769607112a8, Flawfinder, mcbase.hpp,86, (buffer) char, mc/include/alps/mc/mcbase.hpp,57, (buffer) char, Altered, Changed,  Yes, Constant,  TFP
ALPSCore/ALPSCore, d9b0adf670321d3a2dc232eb75ef766d5fcf030c, 7969b6a9174f8ea6f07c4b35966d4769607112a8, Flawfinder, ngs/cast.hpp,94, (buffer) char, utilities/include/alps/utilities/cast.hpp,72, (buffer) char, Moved, Changed,  Yes, Constant,    TFP
ALPSCore/ALPSCore, d9b0adf670321d3a2dc232eb75ef766d5fcf030c, 7969b6a9174f8ea6f07c4b35966d4769607112a8, Flawfinder, ngs/cast.hpp,104, (buffer) char, utilities/include/alps/utilities/cast.hpp,82, (buffer) char, Moved, Changed,  Yes, Constant,    TFP
ALPSCore/ALPSCore, d9b0adf670321d3a2dc232eb75ef766d5fcf030c, 7969b6a9174f8ea6f07c4b35966d4769607112a8, Flawfinder, ngs/detail/paramvalue.hpp,213, (buffer) char, params/include/alps/params.old/paramvalue.hpp, NA, NA, Deleted, Changed,  NA, NA,    FFP3
ALPSCore/ALPSCore, d9b0adf670321d3a2dc232eb75ef766d5fcf030c, 7969b6a9174f8ea6f07c4b35966d4769607112a8, Flawfinder, ngs/detail/tcpsession.hpp,56, (buffer) char, import/src/ngs/detail/tcpsession.hpp, NA, NA, Deleted, Changed,  NA, NA,    FFP3
ALPSCore/ALPSCore, d9b0adf670321d3a2dc232eb75ef766d5fcf030c, 7969b6a9174f8ea6f07c4b35966d4769607112a8, Flawfinder, ngs/detail/tcpsession.hpp,56, (buffer) char, import/src/ngs/detail/tcpsession.hpp, NA, NA, Deleted, Changed,  NA, NA,    FFP3
ALPSCore/ALPSCore, d9b0adf670321d3a2dc232eb75ef766d5fcf030c, 7969b6a9174f8ea6f07c4b35966d4769607112a8, Flawfinder, ngs/detail/tcpsession.hpp,73, (buffer) char, import/src/ngs/detail/tcpsession.hpp, NA, NA, Deleted, Changed,  NA, NA,    FFP3
ALPSCore/ALPSCore, d9b0adf670321d3a2dc232eb75ef766d5fcf030c, 7969b6a9174f8ea6f07c4b35966d4769607112a8, Flawfinder, ngs/params.hpp,112, (buffer) char, params/include/alps/params.hpp, NA, NA, Deleted, Changed,  NA, NA,    FFP3
ALPSCore/ALPSCore, d9b0adf670321d3a2dc232eb75ef766d5fcf030c, 7969b6a9174f8ea6f07c4b35966d4769607112a8, Flawfinder, ngs/scheduler/proto/tcpserver.hpp,80, (buffer) char, import/src/ngs/scheduler/proto/tcpserver.hpp, NA, NA, Deleted, Changed,  NA, NA,    FFP3
ALPSCore/ALPSCore, d9b0adf670321d3a2dc232eb75ef766d5fcf030c, 7969b6a9174f8ea6f07c4b35966d4769607112a8, Flawfinder, ngs/scheduler/tcpserver.hpp,80, (buffer) char, import/src/ngs/scheduler/proto/tcpserver.hpp, NA, NA, Deleted, Changed,  NA, NA,    FFP3
ALPSCore/ALPSCore, d9b0adf670321d3a2dc232eb75ef766d5fcf030c, 7969b6a9174f8ea6f07c4b35966d4769607112a8, Flawfinder, ngs/detail/export_sim_to_python.hpp,59, (buffer) char, import/src/ngs/detail/export_sim_to_python.hpp, NA, NA, Deleted, Changed,  NA, NA,    FFP3
ALPSCore/ALPSCore, d9b0adf670321d3a2dc232eb75ef766d5fcf030c, 7969b6a9174f8ea6f07c4b35966d4769607112a8, Flawfinder, ngs/lib/parapack.cpp,364, (buffer) char, import/src/ngs/lib/parapack.cpp, NA, NA, Deleted, Changed,  NA, NA,    FFP3
ALPSCore/ALPSCore, d9b0adf670321d3a2dc232eb75ef766d5fcf030c, 7969b6a9174f8ea6f07c4b35966d4769607112a8, Flawfinder, ngs/lib/parapack.cpp,726, (buffer) char, import/src/ngs/lib/parapack.cpp, NA, NA, Deleted, Changed,  NA, NA,    FFP3
ALPSCore/ALPSCore, d9b0adf670321d3a2dc232eb75ef766d5fcf030c, 7969b6a9174f8ea6f07c4b35966d4769607112a8, Flawfinder, ngs/python/mcbase.cpp,82, (buffer) char, import/src/ngs/python/mcbase.cpp, NA, NA, Deleted, Changed,  NA, NA,    FFP3
ALPSCore/ALPSCore, d9b0adf670321d3a2dc232eb75ef766d5fcf030c, 7969b6a9174f8ea6f07c4b35966d4769607112a8, Flawfinder, ngs/scheduler/proto/mcbase.hpp,100, (buffer) char, import/src/ngs/scheduler/proto/mcbase.hpp, NA, NA, Deleted, Changed,  NA, NA,    FFP3
ALPSCore/ALPSCore, d9b0adf670321d3a2dc232eb75ef766d5fcf030c, 7969b6a9174f8ea6f07c4b35966d4769607112a8, Flawfinder, ngs/scheduler/proto/mcbase.hpp,195, (buffer) char, import/src/ngs/scheduler/proto/mcbase.hpp, NA, NA, Deleted, Changed,  NA, NA,    FFP3
ALPSCore/ALPSCore, d9b0adf670321d3a2dc232eb75ef766d5fcf030c, 7969b6a9174f8ea6f07c4b35966d4769607112a8, Flawfinder, ngs/scheduler/proto/mcbase.hpp,267, (buffer) char, import/src/ngs/scheduler/proto/mcbase.hpp, NA, NA, Deleted, Changed,  NA, NA,    FFP3
ALPSCore/ALPSCore, d9b0adf670321d3a2dc232eb75ef766d5fcf030c, 7969b6a9174f8ea6f07c4b35966d4769607112a8, Flawfinder, ngs/alea/feature/mean.hpp,59, (buffer) char, ngs/alea/deprecated/feature/mean.hpp, NA, NA, Deleted, Changed,  NA, NA,    FFP3
ALPSCore/ALPSCore, d9b0adf670321d3a2dc232eb75ef766d5fcf030c, 7969b6a9174f8ea6f07c4b35966d4769607112a8, Flawfinder, ngs/cast.hpp,93, (buffer) char, utilities/include/alps/utilities/cast.hpp,71, (buffer) char, Moved, Changed,  Yes, Constant,    TFP
ALPSCore/ALPSCore, d9b0adf670321d3a2dc232eb75ef766d5fcf030c, 7969b6a9174f8ea6f07c4b35966d4769607112a8, Flawfinder, ngs/detail/paramvalue_reader.hpp,173, (buffer) char, params/include/alps/params.old/paramvalue_reader.hpp, NA, NA, Deleted, Changed,  NA, NA,    FFP3
ALPSCore/ALPSCore, d9b0adf670321d3a2dc232eb75ef766d5fcf030c, 7969b6a9174f8ea6f07c4b35966d4769607112a8, Flawfinder, ngs/detail/tcpsession.hpp,81, (buffer) char, import/src/ngs/detail/tcpsession.hpp, NA, NA, Deleted, Changed,  NA, NA,    FFP3
ALPSCore/ALPSCore, d9b0adf670321d3a2dc232eb75ef766d5fcf030c, 7969b6a9174f8ea6f07c4b35966d4769607112a8, Flawfinder, ngs/detail/tcpsession.hpp,82, (buffer) char, import/src/ngs/detail/tcpsession.hpp, NA, NA, Deleted, Changed,  NA, NA,    FFP3
ALPSCore/ALPSCore, d9b0adf670321d3a2dc232eb75ef766d5fcf030c, 7969b6a9174f8ea6f07c4b35966d4769607112a8, Flawfinder, ngs/detail/tcpsession.hpp,93, (buffer) char, import/src/ngs/detail/tcpsession.hpp, NA, NA, Deleted, Changed,  NA, NA,    FFP3
ALPSCore/ALPSCore, d9b0adf670321d3a2dc232eb75ef766d5fcf030c, 7969b6a9174f8ea6f07c4b35966d4769607112a8, Flawfinder, ngs/mpi.hpp,46, (buffer) char, ngs/mpi.hpp,67, NA, Altered, Constant,  No, NA,  FFP2
ALPSCore/ALPSCore, d9b0adf670321d3a2dc232eb75ef766d5fcf030c, 7969b6a9174f8ea6f07c4b35966d4769607112a8, Flawfinder, ngs/mpi.hpp,61, (buffer) char, ngs/mpi.hpp,117, NA, Altered, Constant,  No, NA,  FFP2
ALPSCore/ALPSCore, d9b0adf670321d3a2dc232eb75ef766d5fcf030c, 7969b6a9174f8ea6f07c4b35966d4769607112a8, Flawfinder, ngs/python/result.cpp,85, (buffer) char, import/src/ngs/python/result.cpp, NA, NA, Deleted, Changed,  NA, NA,    FFP3
ALPSCore/ALPSCore, d9b0adf670321d3a2dc232eb75ef766d5fcf030c, 7969b6a9174f8ea6f07c4b35966d4769607112a8, Flawfinder, numeric/resizeable_vector.h,60, (buffer) char, not_tracted, not_tracted, not_tracted, not_tracted, not_tracted,  not_tracted, not_tracted,    not_tracted
ALPSCore/ALPSCore, d9b0adf670321d3a2dc232eb75ef766d5fcf030c, 7969b6a9174f8ea6f07c4b35966d4769607112a8, Flawfinder, numeric/resizeable_vector.h,68, (buffer) char, not_tracted, not_tracted, not_tracted, not_tracted, not_tracted,  not_tracted, not_tracted,    not_tracted
ALPSCore/ALPSCore, d9b0adf670321d3a2dc232eb75ef766d5fcf030c, 7969b6a9174f8ea6f07c4b35966d4769607112a8, Flawfinder, osiris/archivedump.h,107, (buffer) char, not_tracted, not_tracted, not_tracted, not_tracted, not_tracted,  not_tracted, not_tracted,    not_tracted
ALPSCore/ALPSCore, d9b0adf670321d3a2dc232eb75ef766d5fcf030c, 7969b6a9174f8ea6f07c4b35966d4769607112a8, Flawfinder, osiris/buffer.C,46, (buffer) char, not_tracted, not_tracted, not_tracted, not_tracted, not_tracted,  not_tracted, not_tracted,    not_tracted
ALPSCore/ALPSCore, d9b0adf670321d3a2dc232eb75ef766d5fcf030c, 7969b6a9174f8ea6f07c4b35966d4769607112a8, Flawfinder, osiris/buffer.C,55, (buffer) char, not_tracted, not_tracted, not_tracted, not_tracted, not_tracted,  not_tracted, not_tracted,    not_tracted
ALPSCore/ALPSCore, d9b0adf670321d3a2dc232eb75ef766d5fcf030c, 7969b6a9174f8ea6f07c4b35966d4769607112a8, Flawfinder, osiris/dumparchive.h,272, (buffer) char, not_tracted, not_tracted, not_tracted, not_tracted, not_tracted,  not_tracted, not_tracted,    not_tracted
ALPSCore/ALPSCore, d9b0adf670321d3a2dc232eb75ef766d5fcf030c, 7969b6a9174f8ea6f07c4b35966d4769607112a8, Flawfinder, osiris/xdrcore.C,82, (buffer) char, not_tracted, not_tracted, not_tracted, not_tracted, not_tracted,  not_tracted, not_tracted,    not_tracted
ALPSCore/ALPSCore, d9b0adf670321d3a2dc232eb75ef766d5fcf030c, 7969b6a9174f8ea6f07c4b35966d4769607112a8, Flawfinder, osiris/xdrcore.C,382, (buffer) char, not_tracted, not_tracted, not_tracted, not_tracted, not_tracted,  not_tracted, not_tracted,    not_tracted
ALPSCore/ALPSCore, d9b0adf670321d3a2dc232eb75ef766d5fcf030c, 7969b6a9174f8ea6f07c4b35966d4769607112a8, Flawfinder, osiris/xdrdump.C,324, (buffer) char, not_tracted, not_tracted, not_tracted, not_tracted, not_tracted,  not_tracted, not_tracted,    not_tracted
ALPSCore/ALPSCore, d9b0adf670321d3a2dc232eb75ef766d5fcf030c, 7969b6a9174f8ea6f07c4b35966d4769607112a8, Flawfinder, osiris/xdrdump.C,373, (buffer) char, not_tracted, not_tracted, not_tracted, not_tracted, not_tracted,  not_tracted, not_tracted,    not_tracted
ALPSCore/ALPSCore, d9b0adf670321d3a2dc232eb75ef766d5fcf030c, 7969b6a9174f8ea6f07c4b35966d4769607112a8, Flawfinder, osiris/xdrdump.h,56, (buffer) char, not_tracted, not_tracted, not_tracted, not_tracted, not_tracted,  not_tracted, not_tracted,    not_tracted
ALPSCore/ALPSCore, d9b0adf670321d3a2dc232eb75ef766d5fcf030c, 7969b6a9174f8ea6f07c4b35966d4769607112a8, Flawfinder, osiris/buffer.h,76, (buffer) char, not_tracted, not_tracted, not_tracted, not_tracted, not_tracted,  not_tracted, not_tracted,    not_tracted
ALPSCore/ALPSCore, d9b0adf670321d3a2dc232eb75ef766d5fcf030c, 7969b6a9174f8ea6f07c4b35966d4769607112a8, Flawfinder, osiris/buffer.h,79, (buffer) char, not_tracted, not_tracted, not_tracted, not_tracted, not_tracted,  not_tracted, not_tracted,    not_tracted
ALPSCore/ALPSCore, d9b0adf670321d3a2dc232eb75ef766d5fcf030c, 7969b6a9174f8ea6f07c4b35966d4769607112a8, Flawfinder, osiris/mpdump.C,168, (buffer) char, not_tracted, not_tracted, not_tracted, not_tracted, not_tracted,  not_tracted, not_tracted,    not_tracted
ALPSCore/ALPSCore, d9b0adf670321d3a2dc232eb75ef766d5fcf030c, 7969b6a9174f8ea6f07c4b35966d4769607112a8, Flawfinder, osiris/mpdump.C,169, (buffer) char, not_tracted, not_tracted, not_tracted, not_tracted, not_tracted,  not_tracted, not_tracted,    not_tracted
ALPSCore/ALPSCore, d9b0adf670321d3a2dc232eb75ef766d5fcf030c, 7969b6a9174f8ea6f07c4b35966d4769607112a8, Flawfinder, osiris/mpdump.C,370, (buffer) char, not_tracted, not_tracted, not_tracted, not_tracted, not_tracted,  not_tracted, not_tracted,    not_tracted
ALPSCore/ALPSCore, d9b0adf670321d3a2dc232eb75ef766d5fcf030c, 7969b6a9174f8ea6f07c4b35966d4769607112a8, Flawfinder, osiris/std/vector.h,49, (buffer) char, not_tracted, not_tracted, not_tracted, not_tracted, not_tracted,  not_tracted, not_tracted,    not_tracted
ALPSCore/ALPSCore, d9b0adf670321d3a2dc232eb75ef766d5fcf030c, 7969b6a9174f8ea6f07c4b35966d4769607112a8, Flawfinder, osiris/std/vector.h,62, (buffer) char, not_tracted, not_tracted, not_tracted, not_tracted, not_tracted,  not_tracted, not_tracted,    not_tracted
ALPSCore/ALPSCore, d9b0adf670321d3a2dc232eb75ef766d5fcf030c, 7969b6a9174f8ea6f07c4b35966d4769607112a8, Flawfinder, osiris/std/vector.h,90, (buffer) char, not_tracted, not_tracted, not_tracted, not_tracted, not_tracted,  not_tracted, not_tracted,    not_tracted
ALPSCore/ALPSCore, d9b0adf670321d3a2dc232eb75ef766d5fcf030c, 7969b6a9174f8ea6f07c4b35966d4769607112a8, Flawfinder, osiris/xdrcore.C,452, (buffer) char, not_tracted, not_tracted, not_tracted, not_tracted, not_tracted,  not_tracted, not_tracted,    not_tracted
ALPSCore/ALPSCore, d9b0adf670321d3a2dc232eb75ef766d5fcf030c, 7969b6a9174f8ea6f07c4b35966d4769607112a8, Flawfinder, parameter/parameter.C,59, (buffer) char, not_tracted, not_tracted, not_tracted, not_tracted, not_tracted,  not_tracted, not_tracted,    not_tracted
ALPSCore/ALPSCore, d9b0adf670321d3a2dc232eb75ef766d5fcf030c, 7969b6a9174f8ea6f07c4b35966d4769607112a8, Flawfinder, parapack/parapack.C,373, (buffer) char, not_tracted, not_tracted, not_tracted, not_tracted, not_tracted,  not_tracted, not_tracted,    not_tracted
ALPSCore/ALPSCore, d9b0adf670321d3a2dc232eb75ef766d5fcf030c, 7969b6a9174f8ea6f07c4b35966d4769607112a8, Flawfinder, parapack/parapack.C,758, (buffer) char, not_tracted, not_tracted, not_tracted, not_tracted, not_tracted,  not_tracted, not_tracted,    not_tracted
ALPSCore/ALPSCore, d9b0adf670321d3a2dc232eb75ef766d5fcf030c, 7969b6a9174f8ea6f07c4b35966d4769607112a8, Flawfinder, parapack/filelock.C,95, (buffer) char, not_tracted, not_tracted, not_tracted, not_tracted, not_tracted,  not_tracted, not_tracted,    not_tracted
ALPSCore/ALPSCore, d9b0adf670321d3a2dc232eb75ef766d5fcf030c, 7969b6a9174f8ea6f07c4b35966d4769607112a8, Flawfinder, parapack/staging.C,19, (buffer) char, not_tracted, not_tracted, not_tracted, not_tracted, not_tracted,  not_tracted, not_tracted,    not_tracted
ALPSCore/ALPSCore, d9b0adf670321d3a2dc232eb75ef766d5fcf030c, 7969b6a9174f8ea6f07c4b35966d4769607112a8, Flawfinder, parser/xslt_path.C,39, (buffer) char, not_tracted, not_tracted, not_tracted, not_tracted, not_tracted,  not_tracted, not_tracted,    not_tracted
ALPSCore/ALPSCore, d9b0adf670321d3a2dc232eb75ef766d5fcf030c, 7969b6a9174f8ea6f07c4b35966d4769607112a8, Flawfinder, parser/xslt_path.C,61, (buffer) char, not_tracted, not_tracted, not_tracted, not_tracted, not_tracted,  not_tracted, not_tracted,    not_tracted
ALPSCore/ALPSCore, d9b0adf670321d3a2dc232eb75ef766d5fcf030c, 7969b6a9174f8ea6f07c4b35966d4769607112a8, Flawfinder, parser/xslt_path.C,65, (buffer) char, not_tracted, not_tracted, not_tracted, not_tracted, not_tracted,  not_tracted, not_tracted,    not_tracted
ALPSCore/ALPSCore, d9b0adf670321d3a2dc232eb75ef766d5fcf030c, 7969b6a9174f8ea6f07c4b35966d4769607112a8, Flawfinder, parser/xmlparser.C,231, (buffer) char, not_tracted, not_tracted, not_tracted, not_tracted, not_tracted,  not_tracted, not_tracted,    not_tracted
ALPSCore/ALPSCore, d9b0adf670321d3a2dc232eb75ef766d5fcf030c, 7969b6a9174f8ea6f07c4b35966d4769607112a8, Flawfinder, parser/xmlparser.C,257, (buffer) char, not_tracted, not_tracted, not_tracted, not_tracted, not_tracted,  not_tracted, not_tracted,    not_tracted
ALPSCore/ALPSCore, d9b0adf670321d3a2dc232eb75ef766d5fcf030c, 7969b6a9174f8ea6f07c4b35966d4769607112a8, Flawfinder, parser/xmlparser.C,127, (buffer) char, not_tracted, not_tracted, not_tracted, not_tracted, not_tracted,  not_tracted, not_tracted,    not_tracted
ALPSCore/ALPSCore, d9b0adf670321d3a2dc232eb75ef766d5fcf030c, 7969b6a9174f8ea6f07c4b35966d4769607112a8, Flawfinder, parser/xmlparser.C,234, (buffer) char, not_tracted, not_tracted, not_tracted, not_tracted, not_tracted,  not_tracted, not_tracted,    not_tracted
ALPSCore/ALPSCore, d9b0adf670321d3a2dc232eb75ef766d5fcf030c, 7969b6a9174f8ea6f07c4b35966d4769607112a8, Flawfinder, parser/xmlparser.C,259, (buffer) char, not_tracted, not_tracted, not_tracted, not_tracted, not_tracted,  not_tracted, not_tracted,    not_tracted
ALPSCore/ALPSCore, d9b0adf670321d3a2dc232eb75ef766d5fcf030c, 7969b6a9174f8ea6f07c4b35966d4769607112a8, Flawfinder, python/pytools.cpp,42, (buffer) char, import/src/python/pytools.cpp, NA, NA, Deleted, Changed,  NA, NA,    FFP3
ALPSCore/ALPSCore, d9b0adf670321d3a2dc232eb75ef766d5fcf030c, 7969b6a9174f8ea6f07c4b35966d4769607112a8, Flawfinder, python/numpy_array.hpp,77, (buffer) char, import/src/python/numpy_array.hpp, NA, NA, Deleted, Changed,  NA, NA,    FFP3
ALPSCore/ALPSCore, d9b0adf670321d3a2dc232eb75ef766d5fcf030c, 7969b6a9174f8ea6f07c4b35966d4769607112a8, Flawfinder, python/numpy_array.hpp,90, (buffer) char, import/src/python/numpy_array.hpp, NA, NA, Deleted, Changed,  NA, NA,    FFP3
ALPSCore/ALPSCore, d9b0adf670321d3a2dc232eb75ef766d5fcf030c, 7969b6a9174f8ea6f07c4b35966d4769607112a8, Flawfinder, python/numpy_array.hpp,103, (buffer) char, import/src/python/numpy_array.hpp, NA, NA, Deleted, Changed,  NA, NA,    FFP3
ALPSCore/ALPSCore, d9b0adf670321d3a2dc232eb75ef766d5fcf030c, 7969b6a9174f8ea6f07c4b35966d4769607112a8, Flawfinder, python/numpy_array.hpp,117, (buffer) char, import/src/python/numpy_array.hpp, NA, NA, Deleted, Changed,  NA, NA,    FFP3
ALPSCore/ALPSCore, d9b0adf670321d3a2dc232eb75ef766d5fcf030c, 7969b6a9174f8ea6f07c4b35966d4769607112a8, Flawfinder, python/numpy_array.hpp,129, (buffer) char, import/src/python/numpy_array.hpp, NA, NA, Deleted, Changed,  NA, NA,    FFP3
ALPSCore/ALPSCore, d9b0adf670321d3a2dc232eb75ef766d5fcf030c, 7969b6a9174f8ea6f07c4b35966d4769607112a8, Flawfinder, random/mersenne_twister.hpp,40, (buffer) char, import/src/random/mersenne_twister.hpp, NA, NA, Deleted, Changed,  NA, NA,    FFP3
ALPSCore/ALPSCore, d9b0adf670321d3a2dc232eb75ef766d5fcf030c, 7969b6a9174f8ea6f07c4b35966d4769607112a8, Flawfinder, random/mersenne_twister.hpp,542, (buffer) char, import/src/random/mersenne_twister.hpp, NA, NA, Deleted, Changed,  NA, NA,    FFP3
ALPSCore/ALPSCore, d9b0adf670321d3a2dc232eb75ef766d5fcf030c, 7969b6a9174f8ea6f07c4b35966d4769607112a8, Flawfinder, random/mersenne_twister.hpp,543, (buffer) char, import/src/random/mersenne_twister.hpp, NA, NA, Deleted, Changed,  NA, NA,    FFP3
ALPSCore/ALPSCore, d9b0adf670321d3a2dc232eb75ef766d5fcf030c, 7969b6a9174f8ea6f07c4b35966d4769607112a8, Flawfinder, random/mersenne_twister.hpp,544, (buffer) char, import/src/random/mersenne_twister.hpp, NA, NA, Deleted, Changed,  NA, NA,    FFP3
ALPSCore/ALPSCore, d9b0adf670321d3a2dc232eb75ef766d5fcf030c, 7969b6a9174f8ea6f07c4b35966d4769607112a8, Flawfinder, random/parallel/detail/get_prime.hpp,14, (buffer) char, import/src/random/parallel/detail/get_prime.hpp, NA, NA, Deleted, Changed,  NA, NA,    FFP3
ALPSCore/ALPSCore, d9b0adf670321d3a2dc232eb75ef766d5fcf030c, 7969b6a9174f8ea6f07c4b35966d4769607112a8, Flawfinder, random/parallel/detail/primelist_64.hpp,12, (buffer) char, import/src/random/parallel/detail/primelist_64.hpp, NA, NA, Deleted, Changed,  NA, NA,    FFP3
ALPSCore/ALPSCore, d9b0adf670321d3a2dc232eb75ef766d5fcf030c, 7969b6a9174f8ea6f07c4b35966d4769607112a8, Flawfinder, random/parallel/detail/seed_macros.hpp,54, (buffer) char, import/src/random/parallel/detail/seed_macros.hpp, NA, NA, Deleted, Changed,  NA, NA,    FFP3
ALPSCore/ALPSCore, d9b0adf670321d3a2dc232eb75ef766d5fcf030c, 7969b6a9174f8ea6f07c4b35966d4769607112a8, Flawfinder, random/parallel/detail/seed_macros.hpp,62, (buffer) char, import/src/random/parallel/detail/seed_macros.hpp, NA, NA, Deleted, Changed,  NA, NA,    FFP3
ALPSCore/ALPSCore, d9b0adf670321d3a2dc232eb75ef766d5fcf030c, 7969b6a9174f8ea6f07c4b35966d4769607112a8, Flawfinder, random/parallel/detail/seed_macros.hpp,63, (buffer) char, import/src/random/parallel/detail/seed_macros.hpp, NA, NA, Deleted, Changed,  NA, NA,    FFP3
ALPSCore/ALPSCore, d9b0adf670321d3a2dc232eb75ef766d5fcf030c, 7969b6a9174f8ea6f07c4b35966d4769607112a8, Flawfinder, random/parallel/detail/seed_macros.hpp,73, (buffer) char, import/src/random/parallel/detail/seed_macros.hpp, NA, NA, Deleted, Changed,  NA, NA,    FFP3
ALPSCore/ALPSCore, d9b0adf670321d3a2dc232eb75ef766d5fcf030c, 7969b6a9174f8ea6f07c4b35966d4769607112a8, Flawfinder, random/parallel/detail/seed_macros.hpp,80, (buffer) char, import/src/random/parallel/detail/seed_macros.hpp, NA, NA, Deleted, Changed,  NA, NA,    FFP3
ALPSCore/ALPSCore, d9b0adf670321d3a2dc232eb75ef766d5fcf030c, 7969b6a9174f8ea6f07c4b35966d4769607112a8, Flawfinder, random/parallel/get_prime.cpp,23, (buffer) char, import/src/random/parallel/get_prime.cpp, NA, NA, Deleted, Changed,  NA, NA,    FFP3
ALPSCore/ALPSCore, d9b0adf670321d3a2dc232eb75ef766d5fcf030c, 7969b6a9174f8ea6f07c4b35966d4769607112a8, Flawfinder, random/parallel/keyword.hpp,26, (buffer) char, import/src/random/parallel/keyword.hpp, NA, NA, Deleted, Changed,  NA, NA,    FFP3
ALPSCore/ALPSCore, d9b0adf670321d3a2dc232eb75ef766d5fcf030c, 7969b6a9174f8ea6f07c4b35966d4769607112a8, Flawfinder, random/parallel/lcg64.hpp,36, (buffer) char, import/src/random/parallel/lcg64.hpp, NA, NA, Deleted, Changed,  NA, NA,    FFP3
ALPSCore/ALPSCore, d9b0adf670321d3a2dc232eb75ef766d5fcf030c, 7969b6a9174f8ea6f07c4b35966d4769607112a8, Flawfinder, random/parallel/lcg64.hpp,210, (buffer) char, import/src/random/parallel/lcg64.hpp, NA, NA, Deleted, Changed,  NA, NA,    FFP3
ALPSCore/ALPSCore, d9b0adf670321d3a2dc232eb75ef766d5fcf030c, 7969b6a9174f8ea6f07c4b35966d4769607112a8, Flawfinder, random/parallel/lcg64.hpp,214, (buffer) char, import/src/random/parallel/lcg64.hpp, NA, NA, Deleted, Changed,  NA, NA,    FFP3
ALPSCore/ALPSCore, d9b0adf670321d3a2dc232eb75ef766d5fcf030c, 7969b6a9174f8ea6f07c4b35966d4769607112a8, Flawfinder, random/parallel/lcg64.hpp,218, (buffer) char, import/src/random/parallel/lcg64.hpp, NA, NA, Deleted, Changed,  NA, NA,    FFP3
ALPSCore/ALPSCore, d9b0adf670321d3a2dc232eb75ef766d5fcf030c, 7969b6a9174f8ea6f07c4b35966d4769607112a8, Flawfinder, random/parallel/mersenne_twister.hpp,17, (buffer) char, import/src/random/parallel/mersenne_twister.hpp, NA, NA, Deleted, Changed,  NA, NA,    FFP3
ALPSCore/ALPSCore, d9b0adf670321d3a2dc232eb75ef766d5fcf030c, 7969b6a9174f8ea6f07c4b35966d4769607112a8, Flawfinder, random/parallel/mersenne_twister.hpp,22, (buffer) char, import/src/random/parallel/mersenne_twister.hpp, NA, NA, Deleted, Changed,  NA, NA,    FFP3
ALPSCore/ALPSCore, d9b0adf670321d3a2dc232eb75ef766d5fcf030c, 7969b6a9174f8ea6f07c4b35966d4769607112a8, Flawfinder, random/parallel/mersenne_twister.hpp,34, (buffer) char, import/src/random/parallel/mersenne_twister.hpp, NA, NA, Deleted, Changed,  NA, NA,    FFP3
ALPSCore/ALPSCore, d9b0adf670321d3a2dc232eb75ef766d5fcf030c, 7969b6a9174f8ea6f07c4b35966d4769607112a8, Flawfinder, random/parallel/mersenne_twister.hpp,47, (buffer) char, import/src/random/parallel/mersenne_twister.hpp, NA, NA, Deleted, Changed,  NA, NA,    FFP3
ALPSCore/ALPSCore, d9b0adf670321d3a2dc232eb75ef766d5fcf030c, 7969b6a9174f8ea6f07c4b35966d4769607112a8, Flawfinder, random/parallel/mersenne_twister.hpp,73, (buffer) char, import/src/random/parallel/mersenne_twister.hpp, NA, NA, Deleted, Changed,  NA, NA,    FFP3
ALPSCore/ALPSCore, d9b0adf670321d3a2dc232eb75ef766d5fcf030c, 7969b6a9174f8ea6f07c4b35966d4769607112a8, Flawfinder, random/parallel/mpi.hpp,21, (buffer) char, import/src/random/parallel/mpi.hpp, NA, NA, Deleted, Changed,  NA, NA,    FFP3
ALPSCore/ALPSCore, d9b0adf670321d3a2dc232eb75ef766d5fcf030c, 7969b6a9174f8ea6f07c4b35966d4769607112a8, Flawfinder, random/parallel/primelist_64.cpp,11, (buffer) char, import/src/random/parallel/primelist_64.cpp, NA, NA, Deleted, Changed,  NA, NA,    FFP3
ALPSCore/ALPSCore, d9b0adf670321d3a2dc232eb75ef766d5fcf030c, 7969b6a9174f8ea6f07c4b35966d4769607112a8, Flawfinder, random/parallel/seed.hpp,20, (buffer) char, import/src/random/parallel/seed.hpp, NA, NA, Deleted, Changed,  NA, NA,    FFP3
ALPSCore/ALPSCore, d9b0adf670321d3a2dc232eb75ef766d5fcf030c, 7969b6a9174f8ea6f07c4b35966d4769607112a8, Flawfinder, random/parallel/well.hpp,32, (buffer) char, import/src/random/parallel/well.hpp, NA, NA, Deleted, Changed,  NA, NA,    FFP3
ALPSCore/ALPSCore, d9b0adf670321d3a2dc232eb75ef766d5fcf030c, 7969b6a9174f8ea6f07c4b35966d4769607112a8, Flawfinder, random/parallel/well.hpp,293, (buffer) char, import/src/random/parallel/well.hpp, NA, NA, Deleted, Changed,  NA, NA,    FFP3
ALPSCore/ALPSCore, d9b0adf670321d3a2dc232eb75ef766d5fcf030c, 7969b6a9174f8ea6f07c4b35966d4769607112a8, Flawfinder, random/parallel/well.hpp,294, (buffer) char, import/src/random/parallel/well.hpp, NA, NA, Deleted, Changed,  NA, NA,    FFP3
ALPSCore/ALPSCore, d9b0adf670321d3a2dc232eb75ef766d5fcf030c, 7969b6a9174f8ea6f07c4b35966d4769607112a8, Flawfinder, random/rngfactory.C,37, (buffer) char, not_tracted, not_tracted, not_tracted, not_tracted, not_tracted,  not_tracted, not_tracted,    not_tracted
ALPSCore/ALPSCore, d9b0adf670321d3a2dc232eb75ef766d5fcf030c, 7969b6a9174f8ea6f07c4b35966d4769607112a8, Flawfinder, random/sprng/cmrg.hpp,15, (buffer) char, import/src/random/sprng/cmrg.hpp, NA, NA, Deleted, Changed,  NA, NA,    FFP3
ALPSCore/ALPSCore, d9b0adf670321d3a2dc232eb75ef766d5fcf030c, 7969b6a9174f8ea6f07c4b35966d4769607112a8, Flawfinder, random/sprng/detail/buffer.hpp,19, (buffer) char, import/src/random/sprng/detail/buffer.hpp, NA, NA, Deleted, Changed,  NA, NA,    FFP3
ALPSCore/ALPSCore, d9b0adf670321d3a2dc232eb75ef766d5fcf030c, 7969b6a9174f8ea6f07c4b35966d4769607112a8, Flawfinder, random/sprng/detail/implementation.hpp,36, (buffer) char, import/src/random/sprng/detail/implementation.hpp, NA, NA, Deleted, Changed,  NA, NA,    FFP3
ALPSCore/ALPSCore, d9b0adf670321d3a2dc232eb75ef766d5fcf030c, 7969b6a9174f8ea6f07c4b35966d4769607112a8, Flawfinder, random/sprng/detail/implementation.hpp,37, (buffer) char, import/src/random/sprng/detail/implementation.hpp, NA, NA, Deleted, Changed,  NA, NA,    FFP3
ALPSCore/ALPSCore, d9b0adf670321d3a2dc232eb75ef766d5fcf030c, 7969b6a9174f8ea6f07c4b35966d4769607112a8, Flawfinder, random/sprng/detail/implementation.hpp,59, (buffer) char, import/src/random/sprng/detail/implementation.hpp, NA, NA, Deleted, Changed,  NA, NA,    FFP3
ALPSCore/ALPSCore, d9b0adf670321d3a2dc232eb75ef766d5fcf030c, 7969b6a9174f8ea6f07c4b35966d4769607112a8, Flawfinder, random/sprng/keyword.hpp,14, (buffer) char, import/src/random/sprng/keyword.hpp, NA, NA, Deleted, Changed,  NA, NA,    FFP3
ALPSCore/ALPSCore, d9b0adf670321d3a2dc232eb75ef766d5fcf030c, 7969b6a9174f8ea6f07c4b35966d4769607112a8, Flawfinder, random/sprng/lcg.hpp,15, (buffer) char, import/src/random/sprng/lcg.hpp, NA, NA, Deleted, Changed,  NA, NA,    FFP3
ALPSCore/ALPSCore, d9b0adf670321d3a2dc232eb75ef766d5fcf030c, 7969b6a9174f8ea6f07c4b35966d4769607112a8, Flawfinder, random/sprng/lcg64.hpp,18, (buffer) char, import/src/random/sprng/lcg64.hpp, NA, NA, Deleted, Changed,  NA, NA,    FFP3
ALPSCore/ALPSCore, d9b0adf670321d3a2dc232eb75ef766d5fcf030c, 7969b6a9174f8ea6f07c4b35966d4769607112a8, Flawfinder, random/sprng/lfg.hpp,14, (buffer) char, import/src/random/sprng/lfg.hpp, NA, NA, Deleted, Changed,  NA, NA,    FFP3
ALPSCore/ALPSCore, d9b0adf670321d3a2dc232eb75ef766d5fcf030c, 7969b6a9174f8ea6f07c4b35966d4769607112a8, Flawfinder, random/sprng/mlfg.hpp,14, (buffer) char, import/src/random/sprng/mlfg.hpp, NA, NA, Deleted, Changed,  NA, NA,    FFP3
ALPSCore/ALPSCore, d9b0adf670321d3a2dc232eb75ef766d5fcf030c, 7969b6a9174f8ea6f07c4b35966d4769607112a8, Flawfinder, random/sprng/pmlcg.hpp,14, (buffer) char, import/src/random/sprng/pmlcg.hpp, NA, NA, Deleted, Changed,  NA, NA,    FFP3
ALPSCore/ALPSCore, d9b0adf670321d3a2dc232eb75ef766d5fcf030c, 7969b6a9174f8ea6f07c4b35966d4769607112a8, Flawfinder, random/buffered_rng.h,108, (buffer) char, not_tracted, not_tracted, not_tracted, not_tracted, not_tracted,  not_tracted, not_tracted,    not_tracted
ALPSCore/ALPSCore, d9b0adf670321d3a2dc232eb75ef766d5fcf030c, 7969b6a9174f8ea6f07c4b35966d4769607112a8, Flawfinder, random/buffered_rng.h,154, (buffer) char, not_tracted, not_tracted, not_tracted, not_tracted, not_tracted,  not_tracted, not_tracted,    not_tracted
ALPSCore/ALPSCore, d9b0adf670321d3a2dc232eb75ef766d5fcf030c, 7969b6a9174f8ea6f07c4b35966d4769607112a8, Flawfinder, random/buffered_rng.h,170, (buffer) char, not_tracted, not_tracted, not_tracted, not_tracted, not_tracted,  not_tracted, not_tracted,    not_tracted
ALPSCore/ALPSCore, d9b0adf670321d3a2dc232eb75ef766d5fcf030c, 7969b6a9174f8ea6f07c4b35966d4769607112a8, Flawfinder, random/buffered_rng.h,230, (buffer) char, not_tracted, not_tracted, not_tracted, not_tracted, not_tracted,  not_tracted, not_tracted,    not_tracted
ALPSCore/ALPSCore, d9b0adf670321d3a2dc232eb75ef766d5fcf030c, 7969b6a9174f8ea6f07c4b35966d4769607112a8, Flawfinder, random/pseudo_des.h,101, (buffer) char, not_tracted, not_tracted, not_tracted, not_tracted, not_tracted,  not_tracted, not_tracted,    not_tracted
ALPSCore/ALPSCore, d9b0adf670321d3a2dc232eb75ef766d5fcf030c, 7969b6a9174f8ea6f07c4b35966d4769607112a8, Flawfinder, random/sprng/detail/buffer.hpp,87, (buffer) char, import/src/random/sprng/detail/buffer.hpp, NA, NA, Deleted, Changed,  NA, NA,    FFP3
ALPSCore/ALPSCore, d9b0adf670321d3a2dc232eb75ef766d5fcf030c, 7969b6a9174f8ea6f07c4b35966d4769607112a8, Flawfinder, random/sprng/detail/implementation.hpp,163, (buffer) char, import/src/random/sprng/detail/implementation.hpp, NA, NA, Deleted, Changed,  NA, NA,    FFP3
ALPSCore/ALPSCore, d9b0adf670321d3a2dc232eb75ef766d5fcf030c, 7969b6a9174f8ea6f07c4b35966d4769607112a8, Flawfinder, random/sprng/detail/implementation.hpp,196, (buffer) char, import/src/random/sprng/detail/implementation.hpp, NA, NA, Deleted, Changed,  NA, NA,    FFP3
ALPSCore/ALPSCore, d9b0adf670321d3a2dc232eb75ef766d5fcf030c, 7969b6a9174f8ea6f07c4b35966d4769607112a8, Flawfinder, scheduler/worker.C,62, (buffer) char, not_tracted, not_tracted, not_tracted, not_tracted, not_tracted,  not_tracted, not_tracted,    not_tracted
ALPSCore/ALPSCore, d9b0adf670321d3a2dc232eb75ef766d5fcf030c, 7969b6a9174f8ea6f07c4b35966d4769607112a8, Flawfinder, scheduler/worker.C,83, (buffer) char, not_tracted, not_tracted, not_tracted, not_tracted, not_tracted,  not_tracted, not_tracted,    not_tracted
ALPSCore/ALPSCore, d9b0adf670321d3a2dc232eb75ef766d5fcf030c, 7969b6a9174f8ea6f07c4b35966d4769607112a8, Flawfinder, scheduler/worker.h,149, (buffer) char, not_tracted, not_tracted, not_tracted, not_tracted, not_tracted,  not_tracted, not_tracted,    not_tracted
ALPSCore/ALPSCore, d9b0adf670321d3a2dc232eb75ef766d5fcf030c, 7969b6a9174f8ea6f07c4b35966d4769607112a8, Flawfinder, scheduler/worker.h,152, (buffer) char, not_tracted, not_tracted, not_tracted, not_tracted, not_tracted,  not_tracted, not_tracted,    not_tracted
ALPSCore/ALPSCore, d9b0adf670321d3a2dc232eb75ef766d5fcf030c, 7969b6a9174f8ea6f07c4b35966d4769607112a8, Flawfinder, scheduler/worker.h,155, (buffer) char, not_tracted, not_tracted, not_tracted, not_tracted, not_tracted,  not_tracted, not_tracted,    not_tracted
ALPSCore/ALPSCore, d9b0adf670321d3a2dc232eb75ef766d5fcf030c, 7969b6a9174f8ea6f07c4b35966d4769607112a8, Flawfinder, scheduler/worker.h,164, (buffer) char, not_tracted, not_tracted, not_tracted, not_tracted, not_tracted,  not_tracted, not_tracted,    not_tracted
ALPSCore/ALPSCore, d9b0adf670321d3a2dc232eb75ef766d5fcf030c, 7969b6a9174f8ea6f07c4b35966d4769607112a8, Flawfinder, scheduler/worker.C,130, (buffer) char, not_tracted, not_tracted, not_tracted, not_tracted, not_tracted,  not_tracted, not_tracted,    not_tracted
ALPSCore/ALPSCore, d9b0adf670321d3a2dc232eb75ef766d5fcf030c, 7969b6a9174f8ea6f07c4b35966d4769607112a8, Flawfinder, scheduler/worker.C,168, (buffer) char, not_tracted, not_tracted, not_tracted, not_tracted, not_tracted,  not_tracted, not_tracted,    not_tracted
ALPSCore/ALPSCore, d9b0adf670321d3a2dc232eb75ef766d5fcf030c, 7969b6a9174f8ea6f07c4b35966d4769607112a8, Flawfinder, utility/os.cpp,53, (buffer) char, utility/src/os.cpp, NA, NA, Deleted, Changed,  NA, NA,    FFP3
ALPSCore/ALPSCore, d9b0adf670321d3a2dc232eb75ef766d5fcf030c, 7969b6a9174f8ea6f07c4b35966d4769607112a8, Flawfinder, utility/os.cpp,92, (buffer) char, utilities/src/os.cpp, NA, NA, Deleted, Changed,  NA, NA,    FFP3
ALPSCore/ALPSCore, d9b0adf670321d3a2dc232eb75ef766d5fcf030c, 7969b6a9174f8ea6f07c4b35966d4769607112a8, Flawfinder, utility/os.cpp,93, (buffer) char, utilities/src/os.cpp, NA, NA, Deleted, Changed,  NA, NA,    FFP3
ALPSCore/ALPSCore, d9b0adf670321d3a2dc232eb75ef766d5fcf030c, 7969b6a9174f8ea6f07c4b35966d4769607112a8, Flawfinder, utility/temporary_filename.cpp,34, (buffer) char, utility/src/temporary_filename.cpp, NA, NA, Deleted, Changed,  NA, NA,    FFP3
ALPSCore/ALPSCore, d9b0adf670321d3a2dc232eb75ef766d5fcf030c, 7969b6a9174f8ea6f07c4b35966d4769607112a8, Flawfinder, utility/os.cpp,107, (buffer) char, utility/src/os.cpp, NA, NA, Deleted, Changed,  NA, NA,    FFP3
ALPSCore/ALPSCore, d9b0adf670321d3a2dc232eb75ef766d5fcf030c, 7969b6a9174f8ea6f07c4b35966d4769607112a8, Flawfinder, utility/os.cpp,108, (buffer) char, utility/src/os.cpp, NA, NA, Deleted, Changed,  NA, NA,    FFP3
ALPSCore/ALPSCore, d9b0adf670321d3a2dc232eb75ef766d5fcf030c, 7969b6a9174f8ea6f07c4b35966d4769607112a8, Flawfinder, utility/os.cpp,109, (buffer) char, utility/src/os.cpp, NA, NA, Deleted, Changed,  NA, NA,    FFP3
ALPSCore/ALPSCore, d9b0adf670321d3a2dc232eb75ef766d5fcf030c, 7969b6a9174f8ea6f07c4b35966d4769607112a8, Flawfinder, utility/os.cpp,110, (buffer) char, utility/src/os.cpp, NA, NA, Deleted, Changed,  NA, NA,    FFP3
ALPSCore/ALPSCore, d9b0adf670321d3a2dc232eb75ef766d5fcf030c, 7969b6a9174f8ea6f07c4b35966d4769607112a8, Flawfinder, utility/os.cpp,68, (buffer) char, utility/src/os.cpp, NA, NA, Deleted, Changed,  NA, NA,    FFP3
ALPSCore/ALPSCore, d9b0adf670321d3a2dc232eb75ef766d5fcf030c, 7969b6a9174f8ea6f07c4b35966d4769607112a8, Flawfinder, utility/os.cpp,74, (buffer) char, utility/src/os.cpp, NA, NA, Deleted, Changed,  NA, NA,    FFP3
ALPSCore/ALPSCore, d9b0adf670321d3a2dc232eb75ef766d5fcf030c, 7969b6a9174f8ea6f07c4b35966d4769607112a8, cppcheck, parapack/staging.C,30, resourceLeak, not_tracted, not_tracted, not_tracted, not_tracted, not_tracted,  not_tracted, not_tracted,    not_tracted
ALPSCore/ALPSCore, d9b0adf670321d3a2dc232eb75ef766d5fcf030c, 7969b6a9174f8ea6f07c4b35966d4769607112a8, cppcheck, parser/xmlparser.C,87, stlOutOfBounds, not_tracted, not_tracted, not_tracted, not_tracted, not_tracted,  not_tracted, not_tracted,    not_tracted