repository,v1,total_bug1,rats1,flawfinder1,cppcheck1,clang1,pvs_studio1,parasoft1,v2,total_bug2,rats2,flawfinder2,cppcheck2,clang2,pvs_studio2,parasoft2
ALPSCore/ALPSCore,7969b6a9174f8ea6f07c4b35966d4769607112a8,      84,      15,      53,       0,       0,      16,       0,d9b0adf670321d3a2dc232eb75ef766d5fcf030c,     208,      38,     168,       2,       0,       0,       0
Andersbakken/rtags,005e5569366b519850f0ae5b78f618f4d67d8785,     453,      94,     344,      15,       0,       0,       0,b5bb19291a8e3331d2f5ee0c1a77fc5922e21607,    1398,     394,    1002,       2,       0,       0,       0
BenHanson/lexertl,3215fe45c1c49298abd59f9f215ddd05792f50b0,      29,       0,      25,       0,       0,       4,       0,3e4d2381c3acf712a6130f96ae4fc29217548c97,      28,       0,      25,       0,       0,       3,       0
Bertram25/ValyriaTear,97fceb85691e90dd8788221bdb8b9132c24c6148,     204,      37,     167,       0,       0,       0,       0,99cc26a8c76d05d9bdc82fe9213e5fd39050d218,     253,      36,     135,       1,       0,      81,       0
ChaiScript/ChaiScript,064a385a645c89c8b958b754f0d5e8399b9b6df9,      32,       4,      24,       3,       0,       1,       0,e4f4b64cc8a8c0f8a78365b92bce2f3fea9a918a,      21,       3,      15,       0,       0,       3,       0
DGtal-team/DGtal,06bf04a64ace2cf4fceb8aae2a66ca27897848a2,     249,      13,     110,       5,       0,     121,       0,1f1b116dc03f2fd68a7cc665d7c0b6fdb1ad37ef,     177,      11,      66,       0,       0,      99,       0
Deltafire/Milkytracker,56bf091a0e8c5242e160d37f2974f3e1e2525821,    3325,     965,    1891,      13,       0,     410,      46,dda125b03eabc7371965030edd62c3201fe79f2b,    3325,     965,    1891,      13,       0,     410,      46
Eyescale/Collage,f320324f091b81c3ec5a26ed16ffc5c0fb49da29,     117,      37,      79,       1,       0,       0,       0,919ca72b1d74171c1759d3c46b427f0f7c6732d9,     119,      40,      76,       1,       0,       2,       0
FreeCAD/FreeCAD_sf_master,e3d55841065cc22b32eda7ff53a648698c748562,    2623,     609,    1863,     151,       0,       0,       0,0ec1c40d255bee91c0a745457a4528b612f1fe10,    2108,     478,    1507,     123,       0,       0,       0
GarageGames/Torque3D,8684cd1a65084e52f76131d74520c2fa9e1904a1,    8147,    3145,    4909,      93,       0,       0,       0,cd686a23b3b39c18552c933f76bc6587fc5ce2f3,    7786,    3030,    4632,     124,       0,       0,       0
GehnShard/Plasma,3fabf49045cd56e7b323a74b2e83d3c885d508ee,    3097,     947,    2113,      37,       0,       0,       0,d382da0fe7823fe8c61949365c757a5bddd8182b,    4870,    1555,    3276,      39,       0,       0,       0
GollyGang/ready,f8bb1b0bc6a0b892e6909412de126a2f1d8f5e3a,      96,       9,      61,       1,       0,      25,       0,6800b29d331505a8c94897a1565760dcc50c62ca,     371,      91,     237,      41,       0,       2,       0
H-uru/Plasma,76f136261c9bc88b3cb6e9e70e63f54e64bcd416,    3099,     947,    2115,      37,       0,       0,       0,d382da0fe7823fe8c61949365c757a5bddd8182b,    4870,    1555,    3276,      39,       0,       0,       0
InsightSoftwareConsortium/ITK,07cb23f9866768b5f4ee48ebec8766b6e19efc69,    7923,    2418,    5363,     121,      21,       0,       0,35e3315e0248df1fa93ba4b0c90f4a49162d8abe,    5757,    1675,    3992,      70,      20,       0,       0
Itseez/opencv,c1007c7276e889f5f284702515a60b6799df9cd7,    8811,     799,    2567,      49,       0,     227,    5169,fd31234122a73e5585bccd9ca83cb2401967113f,    9543,     652,    1900,      47,       0,    1775,    5169
KDAB/GammaRay,3d5cdd5353645676a23aafd9b8b1917694da3d87,     740,      39,     118,       1,       0,      65,     517,c9e4c20d9615e817eb1f3faaa6971a0fdc665c4e,     598,      28,      48,       0,       0,       5,     517
Kazade/kazmath,3b2de632783d5f566217094034a2a3366bf6efe6,     560,       0,      10,       0,       0,      18,     532,e25d39df2f289a3d06fc3e2318cf61bdedf23b71,     561,       0,      10,       0,       0,      19,     532
KhronosGroup/OpenCOLLADA,5c548d2fc16ef35aa275eb207c111e27332f8b56,    5054,     380,    2171,      11,       0,     189,    2303,428019272e7af8608b9c3e05f9ae1c30187b5325,    4949,     342,    2104,      15,       0,     185,    2303
KiCAD/kicad-source-mirror,2300697f0297ac64dd2ec3b38882bc670fbaef01,    1710,     282,     534,      18,       0,     869,       7,474128a4452a9868e3e906fde219d665a795a530,     933,     250,     658,      18,       0,       0,       7
Kitware/CMake,14f0378e103fd24915712cb94c98265ad18c8736,   36560,    1214,    3338,      35,      10,     363,   31600,81cdab5beaffc7665550710b84006a0a7ce76cfa,   35409,    1050,    2396,      33,      17,     313,   31600
Kitware/VTK,e1d409a6895180117cb9574c4d0ca3d53e27d7e7,   26853,    5309,   10626,     306,      25,   10587,       0,b0ff5a4ce706dd2a39acdaa8132dab3f4ca99219,   16154,    5304,   10523,     302,      25,       0,       0
KitwareMedical/TubeTK,4950ed986022d5248561dacdee7c2b043c9e80ac,     255,      52,     203,       0,       0,       0,       0,357f8c8a053dfc5c1b06607d53d6b43d5d8b35d6,     117,      32,      81,       4,       0,       0,       0
LaurentGomila/SFML,756cb09bc3caf7b543c495f9c40d3a48bdf31428,     375,      66,     218,       0,       0,      48,      43,2de690f02db4114ff41142c152ed94a944aee265,     253,      24,     143,       0,       0,      43,      43
LiberatorUSA/GUCEF,408b884adfb4ff62a5b7ec30798d704b91836d25,   17647,    1635,   12893,     316,       0,    2687,     116,6f8c0d256bb7bf729c9ab3c0806d3ffca1831287,    5790,    1187,    3127,     156,       0,    1204,     116
ManaPlus/ManaPlus,4541175c81e5de39a3118729b7f5997d251b3d35,     832,     182,     461,      22,       0,     167,       0,c01aec243610016c2cd5e4211fee484627bc69ea,     607,     125,     280,       7,       0,     195,       0
Mudlet/Mudlet,7a2ba8e0e41e1eae27ebae9faaedcc2b5747bf93,     253,      16,      96,       1,       0,      68,      72,9cfbadc3ead1b303dd140e5734a64033bef778cc,     313,      24,     106,       3,       0,     108,      72
MyGUI/mygui,d079917c3b8f448c3c4d06eb593272799a93d124,     543,      84,     340,      23,       0,      96,       0,027f13b57a03ec258b50ba066e4b73deebd25f0d,     422,      58,     248,      23,       0,      93,       0
OPM/opm-simulators,930f0ea9a09f0b3ea54fbf0b605c7da3a471ecad,     141,       3,      56,       0,       2,      80,       0,bf18ee7fb9a544c1134c931e1b77f08c79a24ce8,     106,       5,      58,       0,       2,      41,       0
OPM/opm-material,ff4f092a7ff03f16e128df1c6f1c8f6d1b6dbe8c,      60,       0,       5,       0,       2,      53,       0,eaf85622abbeb4934d222c021c5170ea4bd8a885,      24,       0,       5,       0,       2,      17,       0
OpenImageIO/oiio,777dc35b8ac1f18941bbc440da0cbe5e7b56669d,    1861,     239,     985,       5,       0,     539,      93,cb5a00eb21c9dc7e7aa36111c74988c07e555480,    1670,     260,     952,      17,       0,     348,      93
PCSX2/pcsx2,ec7781f1f9d59e5db181aae07e48e94945ed1565,    6723,    1535,    4230,     153,       0,     805,       0,9e1717fee542ee1641a6e719bafc403437475d2c,    6065,    1702,    4119,     241,       0,       3,       0
PixarAnimationStudios/OpenSubdiv,a00df9344c19e328c3d52270face2a4bc596550b,     611,      79,     279,       2,       0,     246,       5,cbb02fd3ce32c11251f02d678eddc0a8d178583b,     583,      76,     270,       2,       0,     230,       5
Project-OSRM/osrm-backend,af65ccd054f64d162bf44375a534ecf45a7b59aa,     332,      28,     182,       2,       0,     120,       0,0df81c49d5bedc106c2ce980d49cdf9386ea9a84,     253,      47,     140,       2,       0,      64,       0
RainerKuemmerle/g2o,deafc01ee8315b9405351fb145238c5d62f82dc7,     468,     125,     258,       8,       0,      77,       0,8dec86fc74050a2d77c3fad0a010aa5c3a6a1010,     339,      91,     184,       7,       0,      57,       0
Reactive-Extensions/RxCpp,c808bb5b4536e35f25611db3c38fd9cda4a62c36,     131,      22,      28,       1,       0,      80,       0,0b3e8b7b47a11d03cf66ce8de57bf1da9108ce3b,     129,      22,      28,       0,       0,      79,       0
ReadyTalk/avian,dee99d6dd60b743a870d1a2c58183649c8a6449c,    1305,     166,     823,       1,       0,      80,     235,4bacddb20ab0ecd099e3c2f3e010a69f978a9aff,    1283,     161,     805,       1,       0,      81,     235
Ryochan7/antimicro,81693777b4a51136fce097ea259a95466315c71f,     283,      15,      38,       1,       0,     216,      13,198f8896e987cd6f6b7fa08c1f3803eebff2037e,     205,      12,      33,       1,       0,     146,      13
SINTEF-Geometry/GoTools,fe9c60cda04c18494eefbd03635a893ddf85ab07,   17177,     509,     915,      67,       0,    2421,   13265,3fbcf74fa625ac71fa85860ecd6909d8f1c2831b,   14585,     449,     809,      62,       0,       0,   13265
SOCI/soci,e719c44bb89949d3c179a6390de57ccd9046878b,     353,     142,     168,       0,       0,      43,       0,1e4b3654814edec463c2a71f3d7ae009320749a7,     361,     147,     176,       0,       0,      38,       0
STEllAR-GROUP/hpx,694ae57b429fcfe67fc04059b2504398e0457a73,     579,      67,     495,       5,       5,       7,       0,3a14ec85644e3798eeb3dfe11be1ddcdda45d407,     464,      48,     407,       9,       0,       0,       0
SafirSDK/safir_sdk_core,88c98c69f4fd4727e96e2610acb9b057683ee67a,     326,      32,     242,       0,       0,      52,       0,8a789efdc8ffb97fa7a79ed286027a34d4039e63,     387,      70,     255,       0,       0,      62,       0
SimTk/openmm,feb79f770145bb12c99bbe058e29d077a381465d,    2590,     172,    1531,       2,       0,     885,       0,c77af6e9bc8e1419f3bba7bd9ef4b213a1d22d44,    2355,     130,    1480,       3,       0,     742,       0
Slicer/SlicerExecutionModel,1d3e9a226bd594f23733993c16c337ba60077bc5,      25,       8,      17,       0,       0,       0,       0,b6125d3f5f29f7395fee060a0a0bb04409818ad4,      50,      18,      32,       0,       0,       0,       0
SupSuper/OpenXcom,bcb0a0cd60f83576484977824c6522f4e3e8e86b,     233,      82,     145,       6,       0,       0,       0,3d8a9b0ed655347f2e239f1773d8fcd6a62dddf5,     225,      56,      72,       1,       0,      96,       0
SuperTux/supertux,0fb271c8711c141eb5b30314668c90d7d75fb7f1,     774,     248,     513,      13,       0,       0,       0,3918a884872e4e92805cf1476bd59db5ebf41431,    1215,     268,     642,      19,       0,     286,       0
SuperTuxTeam/supertux,0fb271c8711c141eb5b30314668c90d7d75fb7f1,     774,     248,     513,      13,       0,       0,       0,3918a884872e4e92805cf1476bd59db5ebf41431,    1215,     268,     642,      19,       0,     286,       0
TUM-I5/ASAGI,f633f96931ae00805f599078d5a1a6a830881554,      53,       2,      39,       0,       0,      12,       0,a0cd4e117c2b95035644cf6a3365d0cdfef5f784,      53,       1,      39,       1,       0,      12,       0
TigerVNC/tigervnc,53f520567202928f908b5f94f6d143e7067a8bdd,    2717,     287,     648,       7,       0,     136,    1639,0878eca6aa47106a24fee53ab3791c677fdfefbe,    4291,     675,    1465,      48,       0,     464,    1639
Vatsinator/Vatsinator,f80c21059afb89e8baec154283d3e8f12c62db30,     156,      15,      35,       1,       0,      79,      26,b1b13d5f5738ae6876e571ad3d4c24d844c8af7b,      92,      14,      40,       2,       0,      10,      26
VcDevel/Vc,9e6ec672ba8d9c085213291d95be009ed5838493,     291,       4,      21,       0,       0,     266,       0,298f0440ab61c10b92ccfad709d15017ebd51066,      68,       2,      18,       0,       0,      48,       0
WCSim/WCSim,05950d9609f1519397991df89d88c03c2ee6235b,     104,       5,      15,       0,       0,      84,       0,6bcfbafcf99436b5cfc426cb37eaf11d6265c67d,      96,       5,      14,       1,       0,      76,       0
Z3Prover/z3,3350f32e1f2c01c9df63b7d71899796a18ce2272,    1162,      50,     231,      12,       0,     859,      10,44d4902bb4bd52c1c074d3189da078cd12ff64b6,     304,      50,     233,      11,       0,       0,      10
Zeex/samp-plugin-jit,cc93e169de9c136ce0f8f02c4f721aa17569d630,      85,      15,      70,       0,       0,       0,       0,38ab1abd4c8b0a4f0b101c13ffec71bc8939f29c,     209,      21,      72,       0,       0,     116,       0
Zeex/samp-plugin-profiler,48042dfd560b07cc727887cf15da1a5245d4b725,     304,       4,      21,       0,       0,       0,     279,f037c40e9706aa5e9d858d65eead648b6e725be9,     309,       4,      20,       0,       0,       6,     279
actor-framework/actor-framework,9fb82f556760e1004e27fb4d303499b603a3fc19,     414,      21,     352,       2,       0,      39,       0,7fb9fdb9eeeae6d5311d3aa5d12acabe3471212d,      88,      14,      52,       0,       0,      22,       0
akrzemi1/Optional,8456c3923776b33b4ae852734273fe934c3e4e61,       3,       0,       0,       0,       0,       3,       0,0507870a7e537706e8005297f9eed82b60626518,       4,       0,       0,       0,       0,       4,       0
alecthomas/entityx,de3fd13d72d82b507469a3ed8798d483df6bc5d1,      44,       1,      13,       0,       0,      30,       0,59f62b5c0df10be433b9380777e4d5a649d03d95,       5,       0,       4,       0,       0,       1,       0
alembic/alembic,048eb1201a37ed309909c1ac4e168968e1730b58,     323,      87,     111,       1,       0,     124,       0,277684c561f6e6c1d6a3bfba4bdb6c83e5618978,      76,      31,      43,       2,       0,       0,       0
apache/thrift,5b4c6bfc627ddbd56d1e98d4b818bec8cd8a5efd,     787,     159,     510,       0,       0,     108,      10,11c3569720853d3339b82fc0231d54260ccf5fa8,     715,     143,     460,       0,       0,     102,      10
arangodb/arangodb,4e068d49b73c88350dcf37afcfe7c51c73a7e835,   13396,     378,   12297,      72,       3,     646,       0,e0e003d0601882ed9cb1a730dddbff787c144043,    3085,       0,    3045,      35,       0,       5,       0
aras-p/glsl-optimizer,21b98a985423eec771600d2db0fbf6d340106af9,     563,      45,     135,       6,       0,     138,     239,e06b8e7eaa830260a16f1b0938706fe0394b1c27,     561,      45,     135,       6,       0,     136,     239
arx/ArxLibertatis,c5c4e4668edb402fd55dfeeb462fe4ae3d85b1d1,     892,     283,     604,       5,       0,       0,       0,bb2893ca91989a9929b4e54ac9fdb092f7fe4dda,    2247,     414,    1095,      10,       0,     728,       0
biometrics/openbr,d0fcef6248cdca941ad29bf40adae7d5a27b158a,    1127,     223,     680,      18,       0,     193,      13,927b7781d935f4953351e0436717bc3d124040a3,     338,      41,     236,      10,       0,      38,      13
bolero-MURAKAMI/Sprout,59c5e7874c6b48b670fce5d42c5344f662f574c9,    1175,       1,    1089,       0,       0,      85,       0,93e22a984db9251e474b4df8ce41a076c7594669,    1070,       1,     996,       0,       0,      73,       0
brezerk/q4wine,edf81923f1f834c11876b4982e8548faacdbd2bf,      73,      17,      49,       5,       0,       2,       0,828f8c4bbd9dc45e1f8d5ea70cf95a19a9715779,      75,      20,      45,       7,       0,       3,       0
brndnmtthws/conky,a58a6d4e081ca6ab241f20fcae80a6b6c31bf1c9,    2124,     433,    1481,      11,       0,     199,       0,0e1f4526b425401a4ef882b5b1f104384e1f3c15,    1860,     417,    1425,      18,       0,       0,       0
bro/bro,b527a9870da02e053e08803083f271b6f5eb28c1,    2923,     610,    1977,       5,       0,     224,     107,34ead91f992cbc40dcb81053343e2ef60a3aff61,    2635,     574,    1946,       8,       0,       0,     107
bro/pysubnettree,812f158ab98f3a46d50a0288fbd4d7692f9de651,      85,      12,      54,       1,       0,      18,       0,00cc7fa9a53410cff1369501eb3d4ae28ca4bc9d,      79,      11,      49,       1,       0,      18,       0
c42f/tinyformat,d563f7fbcdce8f72751d5455e44e995ed7ead949,       7,       0,       5,       0,       0,       2,       0,3a33bbf65442432277eee079e83d3e8fac51730c,       5,       0,       5,       0,       0,       0,       0
casadi/casadi,64b7712a548e929515ba68b271e60c42546742ef,    6314,     149,     650,      46,       0,     362,    5107,f023bea7221d67bc60f7211fbe8dc2bbdcb1b9da,    5533,      91,     314,      21,       0,       0,    5107
cern-it-sdc-id/davix,32c5f3cf934500a570703c8f6bfc06ede10ed4b8,    3247,     186,     487,       7,       0,      72,    2495,c40724b841bd58fa81af8dbf5768005e09727dd0,    3006,     140,     335,       3,       0,      33,    2495
chenshuo/muduo,44879bf25ff60187dcaa938a637d6ec50fd8531d,     486,      90,     301,       3,       0,      91,       1,8d8868e7a55cfa11c094a8efb9ee1884a9349d03,     254,      47,     139,       1,       0,      66,       1
christopho/solarus,cc30297016e6deb1fbcd0b49f07e6c2059645014,    1666,      14,      80,       0,       0,    1245,     327,903d97ddca870ca89532118e7ec7590b8f1dec3d,     949,     156,     243,       0,       0,     223,     327
cinemast/libjson-rpc-cpp,c2453c967b2059eeb77a387a0827c0cf87f816e0,      54,      21,      33,       0,       0,       0,       0,546d7083118fea9531342becd030069804b39a43,     166,      31,     128,       7,       0,       0,       0
clintbellanger/flare-engine,4fcdc4939a3544a5823b782dd90ae5b244a0eb10,     290,      41,     149,       0,       0,     100,       0,f2918d2ce7d8176c8a33445e8bb33dccab93f909,     291,      14,     204,       1,       0,      72,       0
cmangos/mangos-classic,806a7883c5827925450f89e0d280f6c967357c50,    3003,     827,    2157,      19,       0,       0,       0,343d5851ef8053d17c9d540f071744a86fd323d5,    4119,     848,    2190,      26,       0,    1055,       0
cmangos/mangos-wotlk,73cb0915ecfdd2694a0b7aa4bd9ba56e975638db,    3015,     837,    2161,      17,       0,       0,       0,5c72a7f8302399a9c041acacf377c08d89d77a8e,    5053,     861,    2227,      25,       0,    1940,       0
codelibre-net/schroot,039d559fc8ae83e9f383f00ea17e0b7f84051a44,     687,      35,     589,       0,       0,      63,       0,74c8f8c2ae2d0939ae4d458c0c459f8fb7c2f8d0,     832,      38,     721,       0,       0,      73,       0
codership/mysql-wsrep,c70c68b76772a2f96723fb3c6332b7f1a6e11a4a,   39864,    3315,    9576,      57,       2,     545,   26369,454661d78ee57078c9664c6441e15ed2c3b8db21,   39178,    3177,    8997,      57,       2,     576,   26369
coin-or/CppAD,40e2ccaaca4760f72dca0867aaaad97270186c5d,      43,       9,      27,       2,       5,       0,       0,6b1bcfe2985623f04cdc0eca3130b12d9ad8db6e,     306,       6,      23,       0,       2,     275,       0
colobot/colobot,92a8140b778675a769440dc206b11b8012734bff,     921,     121,     229,       0,       0,     552,      19,f67a62fb28c882b1650b827730bac72f404e2c47,     524,     524,       0,       0,       0,       0,       0
commontk/CTK,f96b5014aac1d76468f03a708446cd334a8aba84,     203,      19,     129,       6,       0,       0,      49,2ace7a3a58f1fe00fa47494c73966afce2d81ea0,     139,      15,      73,       2,       0,       0,      49
commontk/DCMTK,d8ed091cda2b815226eafe41f5b4fe3bd22f8d5d,   18572,    2611,    4081,      13,       6,    2386,    9475,ecf4c70f605b28b79e490dbd0fc7d0e203e5d5c8,   14174,    1205,    2171,      73,       2,    1248,    9475
cppformat/cppformat,c03f55ec3a0511611fa7f0537f858544a0ed03bd,      61,       6,      41,       0,       0,      14,       0,251e8774b010b0e21ac774bd3196aabcd2f3b2d2,      13,       1,      10,       0,       0,       2,       0
cpputest/cpputest,16ee2828a7bbfff1f43c259e3e75655bc76e980f,       0,       0,       0,       0,       0,       0,       0,126a87ac28ed6f175158803964212be727680625,       0,       0,       0,       0,       0,       0,       0
csete/gqrx,4a66a03fcdd5ef1d929825d67793b0111c81e79a,      93,      11,      30,       0,       0,      26,      26,4268098879c3f13a3f5646ad6f96cce22475965e,      92,      11,      30,       0,       0,      25,      26
danmar/cppcheck,7c0aa4464c3d23fd499985fdc5fb4b24f54ff7bf,     376,      99,     220,      10,       0,      47,       0,dd9cb929bf0acdd897c3c48d957e5eb24df1e2d3,     340,     101,     195,       9,       0,      35,       0
ddemidov/vexcl,9da8cb44da3cce1b3f1542fb4615069a208470ee,     381,       0,     235,       6,       0,     140,       0,6cf94a715c054e9214c59b51fa3861fd7eca5f9d,      31,       2,      11,       0,       0,      18,       0
dermesser/libsocket,5bbe6858b61c58b20d1e28a35f3135fb707e1570,     331,      36,      60,       0,       0,       6,     229,7052dd2803328b702c4b9b422b050a0af82f9be0,     320,      34,      52,       1,       0,       4,     229
deskvox/deskvox,96e52235b5397d800f15971594327bdd3d7eacc0,    1369,     391,     720,       2,       0,     256,       0,9dc865c914b037299da11901c5a793cb6ff824d7,    1371,     409,     676,       5,       0,     281,       0
dorkster/flare-engine-next,def388a7eecbfb2ac750e6b20507d5272d723dfc,     324,      41,     179,       1,       0,     103,       0,5c74d8c8a954c2ea367c69a8efc8a60ce69ec892,     341,      13,     244,       2,       0,      82,       0
dune-project/dune-common,45c3f0ac13fd5db5ece0b6bec9e50d7407d0d660,      49,       1,       1,       2,       1,      44,       0,1dceeb491a6ea08d191da279441e4da2a41db55b,      63,       1,       1,       0,       2,      59,       0
edubart/otclient,8c731ac016d95407eed6c2767945a97fbdd4fa83,     406,      78,     167,       8,       0,     153,       0,c01b32b03255989497ca5331de898804e6a39a1b,     258,      46,     105,       7,       0,     100,       0
elemental/Elemental,351bc9460dcc58be62e9b42902e49640a97c0b0e,   12900,      14,     179,      29,      19,    1089,   11570,f96177ebcc0ad2a6598579df0d9fcae1babe26f5,   11699,       2,      95,      27,       0,       5,   11570
esa/pagmo,60d8566e2e771975fc84712fb46866007f9b3400,     530,      16,     275,       0,       0,     239,       0,ea8777a49c9e8e6bff2e7ae9b7a45d419f223490,     382,      15,     223,       0,       0,     144,       0
etano/simpimc,943fb6e3ec399b1f7b9ea075a447806f4522a6fd,       3,       0,       1,       2,       0,       0,       0,e5d32c6fbf52c18c3992ffff1409dfd132ad5eec,     111,      19,      45,       7,       0,      40,       0
eteran/edb-debugger,c656659b881cf8693b3584b923a128dc3597b8fa,     414,      91,     266,       4,       0,      27,      26,76fe545b9390d41d2f5365cf785fcd455a67b5a5,     414,      91,     266,       4,       0,      27,      26
euroelessar/jreen,c04c229d2ead96db1af31e55c81d6ab00fb65a7b,     206,      48,     127,       2,       0,      29,       0,9cb0ae2f89024ec6261090da02a3f23ca4b392d3,     182,      48,     127,       2,       0,       5,       0
facebook/mysql-5.6,037c4910b360633160d97cc002c60576dea85393,   14472,    3839,   10561,      70,       2,       0,       0,45f59a05cc6bcf72aa9322f5802cee6a6f98c211,   14209,    3590,   10025,      62,       2,     530,       0
falkTX/los,6ad4052cfd0a552f387bb05028b51d9c6dde9610,     807,     218,     278,       8,       0,     303,       0,3d4b10e3fc4e435c6df0505a4bf58902fa78d227,     713,     299,     389,      11,       0,      14,       0
freeorion/freeorion,611758cf90e990070cafe728c61b689d399dd5f7,    5483,      51,     424,      12,       0,    4878,     118,d6a00202da402c425dfeb64854288543ab820dfc,     528,      38,     366,       6,       0,       0,     118
freundlich/fcppt,652b63c63e241376f535a470874adbcbd4e7f623,     332,       9,     221,       0,       0,      84,      18,6b8d0816c20b28ef52a568f6fb1f4f9f5e5078e2,     197,       8,      64,       0,       0,     107,      18
freundlich/mizuiro,e1a77ff94cf11f5d2515424a923886cb62cb02dc,     413,       0,     383,       0,       0,      30,       0,4f5fe1d02598404283d3783333cddda87dc7418e,     234,       0,     197,       0,       0,      37,       0
gemrb/gemrb,90cda6b99ac13abe63e3929245b8f034eddeb9b3,    2504,     431,    1337,      11,       0,     596,     129,a186784bde3c0507abd9752f59f4e6f92d57bf4d,    2643,     427,    1402,      14,       0,     671,     129
gflags/gflags,4a694e87361d08eff5c4c9e9f551b1a0d41f7c40,      52,       5,      40,       0,       0,       7,       0,f7e89ba9ea82ed2a79413b7c323bca79ac26c747,      45,       7,      32,       0,       0,       6,       0
gnuradio/gnuradio,ac5109d25a9d94386429dd9e806268d29c8e2aac,    1630,     321,    1053,      16,       0,     240,       0,fd52df0f706195d937e287189024f8aa6fbeaf60,    1268,     270,     735,      19,       4,     240,       0
google/glog,da816ea70645e463aa04f9564544939fa327d5a7,     144,      36,      93,       0,       0,      15,       0,95cde7af2f115daa2881b329864c6d2e276671f5,     144,      36,      93,       0,       0,      15,       0
highfidelity/hifi,e1a0984fed4be37a8582972587222a38ecebc7f7,    1598,     198,     483,       9,       0,     541,     367,ad0b2f024b0c4c8c38236d8888e7cd585e995d83,     631,      58,     147,       4,       0,      55,     367
hluk/CopyQ,652ea527c37902566da9bcb152af3d1753426d4e,     143,      10,      93,       0,       0,      14,      26,313d9245bb907d61b8e1b8530246d9033302e97b,      52,       2,      12,       1,       0,      11,      26
hpcc-systems/HPCC-Platform,f2e903ffa48a4468f3718d516e240bd288719708,   15892,    3560,    7563,     192,       0,    2205,    2372,a2eb7f9cb93700e77e38cbd31ed47af187229b5b,   15191,    3382,    6952,     318,       0,    2167,    2372
imageworks/OpenColorIO,6b744f2b4543d16f77b3fe19ae05b67c56a13673,     369,      49,     224,       5,       0,      16,      75,b7d58e7fbd0dea7924c6c73ab4fec8739b7ef63d,     362,      50,     216,       5,       0,      16,      75
jbeder/yaml-cpp,0fdb1b910c1a31db80b7521446166d06cad10813,      25,       4,       5,       0,       0,      16,       0,c335c8dd753c2b5f456a42e6dc33da16b7203713,      23,       4,       4,       0,       0,      15,       0
jktjkt/trojita,58690b61d1ee66b49b4be2b9c6b1460fc8278fa7,     205,      17,      80,       3,       0,      75,      30,964169993489856c7342a05369456fe9ede5478c,     162,      17,      90,       1,       0,      24,      30
juj/MathGeoLib,07680b7cfcca72c3f852dd248eb26e4ca3e26530,     396,      55,     105,       1,       0,      88,     147,662276c250314488cb2e76dbb65c32c6ed1684c3,     314,      27,      70,       0,       0,      70,     147
koreader/crengine,d0854294e0a9259d9c160b5fe9c91a123a63528b,    9641,     250,    2681,     122,       0,     333,    6255,82509784f8e1fdbf9998f2806ace69babff9e15c,    9859,    1046,    2108,     129,       0,     321,    6255
lalinsky/chromaprint,22daf0e01ce46145d916112094997c3003c298c8,      84,       6,      32,       2,       0,       7,      37,33307a55f21f3bebbcb901ae525d4f383b0a0181,      55,       1,      11,       1,       0,       5,      37
lballabio/QuantLib,e65dd7b6cbd54bc64f909259ab3311a8a5d006d6,     954,       3,      33,       0,       0,     918,       0,606024a75b34e9f8c45de395653717136468f4bd,      36,       3,      33,       0,       0,       0,       0
ledger/ledger,bc8136fa6fbb74febee99735c8bd603b1f12ddef,     306,      87,     112,      18,       3,      86,       0,63a14fd5e0aeb64a0508ddac71803acc926425c5,     356,      87,     156,      18,       3,      92,       0
leethomason/tinyxml2,395ea09f83cfa34d848cea25b8a64d7ae3858ada,      81,      34,      45,       1,       0,       1,       0,c510a8c76ed48177e08471403f92d78056a3af21,      55,      15,      34,       1,       0,       5,       0
lemire/FastPFor,bae51c0f8f7c50c179e10a84d0a3e137bbc062d7,     152,      25,      74,       2,       0,      51,       0,bf307bdfca05bca3fe02eaab00cbf734aafa3c2e,     106,      17,      54,       2,       0,      33,       0
libpinyin/libpinyin,2919d7d4b9facf175d4da33418dfbb9945f4bb15,     215,      22,     174,      19,       0,       0,       0,230ee9362a2908e982ff7ff1766d070249cac5ca,     182,      15,     117,       0,       0,      50,       0
libspatialindex/libspatialindex,4768bf3e9ce5ab80c639a6017f5c1e9d093ea515,    2459,      41,     442,       5,       0,      86,    1885,9a39ed4c01ce4f5f54e236d716f467a22aca6968,    2447,      39,     434,       5,       0,      84,    1885
lightspark/lightspark,308241eb55c5379765033e60f28dfdd956c7abcd,     874,     159,     370,       9,       0,     334,       2,18956fb0c94992f98f707af12b4b107ed4631d25,     489,     131,     226,       5,       0,     125,       2
litehtml/litehtml,d7cc6abfe1141770718404aaf9b17db80ed3f196,    1068,       4,      29,       0,       0,      37,     998,13cf9e27bd0a08ab67eb969c7ddf8ed92aa07db8,    1068,       4,      29,       0,       0,      37,     998
loot/loot,f1e4c4fe6a54688d6e83fb5043324bff8f9af4d0,     116,       5,       6,       0,       0,       0,     105,030e828e251d61ecfdac41db102673471859a290,     148,      16,      24,       3,       0,       0,     105
lotem/librime,7f41f6527ffedcfccc16f7e4b93a3048f33cf19e,     969,     275,     648,       7,       0,      27,      12,bb1f48a36a835bd31dd7cb64c4faf738c80cc75d,      74,       4,      43,       0,       0,      15,      12
lxde/pcmanfm-qt,1d38bbd24b4b51f52bbf8a7f1e9237f0ccd37766,      24,       5,      17,       1,       0,       1,       0,62990ca3954c0ab70d44d4381830b1d2d961c393,       0,       0,       0,       0,       0,       0,       0
mangosthree/server,3014c5b370139db835dba70e860841e322b17849,    1366,     435,     892,      39,       0,       0,       0,a4fe021054f1ae4779d4a1d44c2954871b72333b,    6320,    1668,    4222,     107,       0,     323,       0
marek629/SIR,49668de22b1954a3f97283f0068736fe8c483eee,     114,      15,      31,       1,       0,      59,       8,1d0333cc691c7b30020e64e4775811541edafb8c,      70,      12,      25,       1,       0,      24,       8
martinrunge/muroa,d3a9d5078fac3f8baa48cd899ce7810c5cc0e4a3,    1225,      63,     368,      12,       0,      76,     706,3fdb0f8529e8e34df6778782c36e2a87d54bcf94,    1044,      40,     175,      11,       0,     112,     706
mattgodbolt/seasocks,bc32e790376cb58fccb13d8a6499e60d729c172c,     942,      14,      37,       0,       0,       2,     889,636d1fd54b15abd8105f73be9f1590d8d7b3a564,     937,      12,      35,       0,       0,       1,     889
mavam/libbf,b6189bf6204d662294c9796f5f0e268251b5cebc,       5,       0,       0,       1,       0,       4,       0,aafb2f1ab750b1a0d652aedea684123a1fbb0504,       3,       0,       2,       1,       0,       0,       0
mempko/firestr,127c15179382ed9a032ffdda629750bb28f3aea0,     318,      76,     155,       2,       0,      85,       0,727b20eb6c16a8ee5e438abd7cc8c4b2b28f26ad,     265,      48,     128,       1,       0,      88,       0
meta-toolkit/meta,bfdb91019ca1c3ad998b10b244cc053ae3483fb2,   14199,     104,     567,      15,       0,      84,   13429,f8accc1b188fa7d2d2b6cc890abcf29bca61ffb6,   13904,      54,     370,      15,       0,      36,   13429
mfontanini/libtins,7607610cf97bf2923ddd64bcb17a44128e036862,     393,      92,     214,       0,       0,      35,      52,fb97b2b8f0182b2139881e41621eea15114f82d8,     351,      11,     252,       0,       0,      36,      52
mickem/nscp,f7a2c746ac423095fc2d5105ff7ba98a2721b8bf,    4285,     537,    1193,      25,       0,     143,    2387,9fdde883b0ac8028232a6bd89466070861d0a8d3,    4043,     487,    1110,      38,       0,      21,    2387
mlpack/mlpack,36470e9f6d3bf8d2f5e9202675c46b528881e4c1,      72,       7,      65,       0,       0,       0,       0,cd12d5a188663151a0f6a5f1db07a7cb4a2f377a,     160,       6,      86,       4,       0,      64,       0
mosra/corrade,29612cc341633fa26c4c74c55920cb21ed4dd0ed,     114,      35,      59,      10,       0,       7,       3,402305e9e3f15dcb04e6f698e55f26d163f1fde5,      50,       4,      38,       0,       0,       5,       3
ms705/firmament,091b99ba3a58aea5d0594e61291c10417bcdd234,     367,      54,     165,       2,       0,      60,      86,3a84f6c01ce87d5045c0675bebb01c5e903b4cb3,     371,      55,     168,       2,       0,      60,      86
msgpack/msgpack-c,99c4d37a399f5bb32234bfe2b18cbd826e8f77f6,    1003,      14,     229,       8,       0,      24,     728,dac5c60608212494b84e244f3fe55f5b2d6a8174,     894,      10,     135,       8,       0,      13,     728
msoos/cryptominisat,71e49ac7de4d3c104defa24556f92fbb8dded517,     261,      29,      65,       5,       0,     162,       0,82c91dbfc7f585e455da835c330017811ebc058f,     157,      17,      54,       3,       0,      83,       0
muflihun/easyloggingpp,4d4cb42848d19ed8de97f8ba2b71317210ca9246,      96,      48,      48,       0,       0,       0,       0,3bbd864c1fb06df23a75d64d9051060aadfeedcf,      85,      34,      51,       0,       0,       0,       0
musescore/MuseScore,b520dcaf3c88b06d2e418adbe187806c37a6aaf0,    3878,     949,    2247,      72,       0,     610,       0,3a836d7fd60ffbc608679d3d7f4a2851f87e2273,    2109,     646,    1286,       8,       0,     169,       0
nickbruun/hayai,6959ca187e845f7fef1f0aa4704cbe695a8e2e45,       6,       0,       6,       0,       0,       0,       0,c9d74ca1e78837c1d92a9dfa61138c60e286746a,       2,       1,       1,       0,       0,       0,       0
nyanp/tiny-cnn,b89239c024a6f4d6e79f9f4108c30d483120691b,     200,      22,     178,       0,       0,       0,       0,b0cd14e11bf9ede769bcdf0cfdafdc1414f317fa,      40,       0,      20,       0,       0,      20,       0
open-source-parsers/jsoncpp,264c3edca7aa4a924f30a44690269dbd6ab6cada,      71,       8,      53,       0,       0,      10,       0,a3f19c23a0f17ce3fb444e2d11d188e681119367,      26,       6,      13,       0,       0,       7,       0
openclonk/openclonk,3a2c68dcc98ba47ff38ffe9cc643ecf941efe7d3,    2369,     446,     847,     179,       0,     747,     150,416a65acde056d1612ae2ab65bbadd56c250a71f,    2239,     470,     854,      56,       0,     709,     150
opengm/opengm,3deaea58ba0cf9708c25cd03502e1cd9abec8875,      94,       3,      13,       3,       0,      75,       0,9b059056ab99ed58072b5a092a23f2e4c4908386,      75,       3,       4,       0,       0,      68,       0
openscenegraph/osg,2cefcc8bfc1cb5636633ca120f471cc37761be94,   11970,    2657,    3596,      28,       0,    1130,    4559,28a9a235b6cecba439838d9dd92099ebfc0c2d3a,   11570,    2417,    3282,      30,       0,    1282,    4559
opentrack/opentrack,4fa2108094cb137ec7b2a6b44a9c13b554b4c1f9,     134,      38,      94,       2,       0,       0,       0,e437f501a6b7a6a9ac90eec6d91ebf022aa09ff8,      93,      16,      54,       0,       0,      23,       0
orocos-toolchain/typelib,e220595fa4cce756ee2517d1536ec04dcd915baf,      63,      10,      20,       0,       0,      33,       0,4092381fa7f8c03b053cb4b0bddca4c40932634a,      48,      11,      29,       0,       0,       8,       0
osmcode/osmcoastline,2211b9b25416ef44e22fc8505c1870bb49b54b22,      20,       3,       8,       0,       0,       9,       0,ca3a32c70b5194a5ef784aeae384e4f6af84b471,      37,       6,      16,       4,       0,      11,       0
percona/percona-server,57c5564bb53bb9c46068b08846969383685ea60a,   15654,    3408,   12146,      98,       2,       0,       0,1ceebf693b6f6a0a9917d17fefe272cbc8b0e088,    8319,    2699,    4783,      55,       4,     778,       0
philsquared/Catch,c9d9699ca8733fc4646a0df5a046eee54681eaf1,     179,      24,      33,       2,       0,     120,       0,a63ce953a0a8ecb8fc36d6a8e5ab007c68fa819d,     106,      22,      23,       0,       0,      61,       0
pingus/pingus,06afdabb6b27c1314bb1d90a05d467697b72be58,     311,     101,     152,       1,       0,      55,       2,fa980e495a025fce16e10160927a55931ae3feb8,     311,     101,     152,       1,       0,      55,       2
quassel/quassel,0260fbe00ddbd1ce78b1870f40fce969b8f34ee5,     275,      36,     119,       0,       0,      81,      39,24d1ad4c5918abf2f728cb98d556faef446c2d57,     170,      14,      33,       0,       0,      84,      39
rime/librime,707738900168336a75219ae5fc69fa08cc71a4b8,     970,     275,     648,       7,       0,      28,      12,85b4901a444cc754e2de7a9c7d722457567897ca,      93,      25,      40,       0,       0,      16,      12
ripple/rippled,cd2d52acdcb4c58cbb5ca3f9a025a826c65f99aa,   15489,     980,    2824,      12,       0,     426,   11247,d198b439fd9c3c4ff5d22969d4f445f79d5919ba,   15521,     980,    2868,      10,       0,     416,   11247
root-mirror/root,e08b0c8495457c9affb2ff5cd8e169acbe905bd0,   24152,    3767,   13276,     130,       0,    6979,       0,02ceaf84ff0a5e7c206d342632a7fd1b48b41423,   18154,    5045,   12946,     163,       0,       0,       0
sakra/cotire,516d78476f6dda336181fc5514f72774e1e0a8e2,       1,       0,       0,       0,       0,       0,       1,1c37a8651b5ef848fd3dc038052334f337b3a404,       1,       0,       0,       0,       0,       0,       1
samstyle/Xpeccy,e3948f819d10575a30970f28b2c324b84496454b,   13395,     179,     491,      10,       0,     170,   12545,74ac092a259a36fe18193d6e6cb28e902c1ed672,   13055,     135,     219,      34,       0,     122,   12545
saschazelzer/CppMicroServices,3b81b03f7e438f8600d33d319f03747fc8d74cf2,    2771,     164,     468,       7,       0,     107,    2025,5693d645cc0c6147d2f59d533c423b40faa92499,    2052,       5,       6,       1,       0,      15,    2025
scross99/locic,b4a1f9e83eb875c8cc906967205ae7639aa63cf5,     126,       9,      29,       0,       0,      36,      52,0bf12d7ebb6c80f38f81891ee9470c6dea19c05b,      99,       0,       3,       1,       0,      43,      52
servo/rust-azure,6bcf4f5632d54573dedbcd84782ec6e8b36573ae,     243,      25,     100,       3,       0,     115,       0,e39187d5efa7ba3ab6878667eaadb64f229f5c6b,     243,      25,     100,       3,       0,     115,       0
shogun-toolbox/shogun,e6f965d16e75c694e86c538ee853131da45632ec,    3790,     333,     723,      50,       1,    2384,     299,3085a0fa2e6993b0f37b67cef8173c2080ae3a4c,    3602,     335,     882,      63,       1,    2022,     299
simbody/simbody,c9aab73cd4463c106f46136449fd0f17a45a4e9e,    5606,     183,    1025,       4,       0,    1011,    3383,b01669bc8b0d1998315256ef3493f03e3ed5a84c,    5454,     145,     935,      19,       0,     972,    3383
simongog/sdsl-lite,e681b5fe6f03224c1019ecce8268b767a9c9ba2f,     919,      43,     185,       0,       0,     147,     544,cf5821b1aa2b3fd9ba19570f5e92ba15e3575db2,     776,      35,     130,       0,       0,      67,     544
simsong/tcpflow,e5cee214ccf0fda4f2f0b7a604b8d0d0c61a90d8,     271,      68,     202,       1,       0,       0,       0,21f1ad57ad238b46dba989b8deb0b45b45cd8cb0,     270,      68,     200,       2,       0,       0,       0
spring/pr-downloader,7762cedb9d2fb6e0bcdf224d8627d61af4f13d8d,    3516,      66,     662,       2,       0,      44,    2742,2242e6b6fb451b771c5042bdf38390f968f4eeeb,    3685,     204,     551,       3,       0,     185,    2742
stevenlovegrove/Pangolin,31fe1b416a6e4e833c272eb9a67a3333d755361a,     473,      63,     209,       5,       0,     196,       0,da62df163816e685d2fb3b91d913768d6b0ca58a,     117,       7,      24,       3,       0,      83,       0
strasdat/Sophus,3f84e42a7a796bb6c9a1f57f5708911459a49221,       2,       0,       0,       0,       0,       2,       0,6e9c6f976f428a38abab187ef893512db3fbe17e,       1,       0,       0,       0,       0,       1,       0
stuntrally/stuntrally,83e0d0abc341a4dd8e2a8da5df19afc8c5bd49a9,    1017,     139,     307,      17,       0,     480,      74,b272ca782feffbe41e5d43d8ddb56688e397455e,     600,     120,     370,      36,       0,       0,      74
supercollider/sc3-plugins,5342a4ae8842c7361517001866e986c437f50648,    2028,     132,     528,      11,       0,    1045,     312,c164af363d6866b29697d54cf91858cc4769d176,    2072,     217,     629,      15,       0,     899,     312
supercollider/supercollider,cca12ff02a774a9ea212e8883551d3565bb24a6f,    4755,     564,    4113,      78,       0,       0,       0,d74c81f9144f6f06ec79b40c87343f8a7a3890fe,    6681,     623,    4313,      60,       0,    1685,       0
supertuxkart/stk-code,1a9cf6a46f7ed1c152d8293f77bd929b4ec953bd,    1921,     590,    1279,      52,       0,       0,       0,b1caec75a1d88b3797a73cdec121685fad7f1374,     941,     119,     271,      18,       0,     533,       0
symengine/symengine,38781d745cab9bb45dd7358aa232031c8164eb44,    1776,      15,      43,       2,       0,      50,    1666,ecf1914df4a94fd0a56013238f5b6f5a7da4060f,    1675,       3,       0,       0,       0,       6,    1666
syndicodefront/infekt,e9cb001894913d3694431c88c6461a895a64a7a9,     364,      58,     110,       1,       0,      22,     173,f0b561991b6a86ff16c79260da00930023d51fe1,     376,      63,     100,       0,       0,      40,     173
syoyo/tinyobjloader,b434c2497fcb52aa1497b84aa8aeb12bb590492d,      91,      21,      64,       6,       0,       0,       0,b214cfb4b98be9464ff9f5a052a26fbbece52325,      33,       9,      17,       0,       0,       7,       0
taglib/taglib,cb9f07d9dcd791b63e622da43f7b232adaec0a9a,     354,     124,     191,       0,       0,      39,       0,2d7414733eaa3263868c74abfa6cff38a8afe8d3,     378,     106,     223,       2,       0,      47,       0
tesseract-ocr/tesseract,fb359fc981f048328bee206fbcf69f2218ae1ee0,    1242,     224,     590,      15,       0,     404,       9,38f3db8ca52ea6a4f3697fc15c9acb827be758b8,    1577,     237,     647,       6,       0,     678,       9
texus/TGUI,9e52329250317940daf636987b0985ada97f1de4,     120,      33,      39,       0,       0,      48,       0,14b5bbd03cefb1ff03be64468c2b072c9af6942f,      56,       0,      41,       1,       0,      14,       0
thesamet/rpcz,f01f97d09bb4fd1253903bc2db3e3e9b7ebc4260,      52,      25,      25,       0,       0,       2,       0,0aa3f0227e795b840e989fc4abb0152e996e4df6,      45,      23,      20,       0,       0,       2,       0
thestk/rtaudio,e880888795c07fea44a5e6c7570bf09677527f37,     175,      20,     150,       1,       0,       4,       0,3a3d648108cdaa53d1199aa3c15a4b8878693f65,     175,      20,     150,       1,       0,       4,       0
thewtex/tmux-mem-cpu-load,75b9ea756e60aadf335fd5514b38e4fe4cfcab6e,      23,       3,      20,       0,       0,       0,       0,c40ab82bfaf4671ff8ba42aa7e3816833dc871b4,       2,       0,       2,       0,       0,       0,       0
tpaviot/oce,41cc5b9007769de58fd7323a3c1ba729f2c0dc44,    2817,     972,    1833,      12,       0,       0,       0,5ef3473d401ff12fa1588d8f4bb89c2d3a68080e,    5099,    1507,    3544,      48,       0,       0,       0
triAGENS/ArangoDB,9b22174c66d1c805c0c6baac4397ca9933ee0c18,   21200,     377,   12266,      72,       3,     639,    7843,39fd596abcd878e918435d10928e79e1f3ef2359,   11420,       0,    2903,      35,       0,     639,    7843
tstack/lnav,d9c42cdc29ecd899cb68a958d3672abf466ea5c5,     728,     234,     494,       0,       0,       0,       0,708490e3b05ce5ca23ae0079ace5eda23741943a,     532,     168,     364,       0,       0,       0,       0
tudelft-gist/val3dity,657589d04c5b51d1fdee73ebbb8c25905064018b,      97,      15,      58,       0,       0,      24,       0,a492c0886d7823ccfa55a4fb4bff6b6c5a50d9e7,      25,       0,       1,       0,       0,      24,       0
tudelft3d/val3dity,657589d04c5b51d1fdee73ebbb8c25905064018b,      97,      15,      58,       0,       0,      24,       0,a492c0886d7823ccfa55a4fb4bff6b6c5a50d9e7,      25,       0,       1,       0,       0,      24,       0
tumi8/vermont,b70d4f2e6d56315db3a56f42d1dbcc1c584a33e5,    2520,     152,     448,       1,       0,     202,    1717,c2f170a89ae9dd909b6d38cef52a5c565f1c7ffa,    2504,     151,     432,       2,       0,     202,    1717
ukoethe/vigra,fb427440da8c42f96e14ebb60f7f22bdf0b7b1b2,    1338,      53,      68,       1,       0,     475,     741,5237e35507373218c38a7a57a131f0680f3e8a44,    1316,      49,      50,       1,       0,     475,     741
user-none/Sigil,18670a2ef9562b5ca1d3e0fb65e1fe9a1cb8e2ba,   15793,     744,    1501,      16,       0,     252,   13280,4d2586791f67e5042b81862483dedf35ae22474c,   15602,     407,    1646,      17,       0,     252,   13280
vcmi/vcmi,8b5cbf6ba7ca3b5dcedd619c5267433b6734f1eb,     869,      90,     239,       5,       0,     535,       0,2848fb6fef18ea869eb0584627747475f200f309,     878,      93,     245,       5,       0,     535,       0
vinipsmaker/tufao,0832f657926b580877f9d707d9d766d35885e07d,      33,       5,      16,       1,       0,      11,       0,09cbe4e23e793684bd382e56c11ac9cdae5611d0,      34,       6,      16,       1,       0,      11,       0
vle-forge/vle,16a7d21646e4a7a176b23fac921b1a5863f23359,     395,     111,     149,       1,       0,     121,      13,c570afd193aaaa648a0173a92007451495116366,     231,      35,      58,       4,       0,     121,      13
vogel/kadu,1ac3dfa68c2cc0b59588c3ae942ce33d74249d06,     103,      20,      83,       0,       0,       0,       0,15d15da1bc420f22eb8a3cc2486a3184a20a7e6b,     152,      27,     123,       2,       0,       0,       0
wdas/ptex,59eac370e52af48a3f4dab77a60f91523c3e70ac,     555,      14,      60,       2,       0,      14,     465,3492a71feb967d2844805eb3228cb72af5bc451b,     555,      14,      60,       2,       0,      14,     465
wesnoth/wesnoth,9e58caa5ff608e845c21048d61fff3856d913a22,     985,     244,     436,      13,       0,     292,       0,050fbf73706c1dbe6c86c3c784e7ef91984ecd00,    1015,     252,     523,       6,       0,     234,       0
worldforge/libwfut,7e003179283a3a2643199cff9c5b9242b9d13f08,     186,      50,     120,       2,       0,      14,       0,c885c0d4ea51b8347893390b33e631d9dd8a288d,     186,      50,     120,       2,       0,      14,       0
xoreos/xoreos,a1bea660ce5cc74fa19a9d13afd85acdb2b56de0,     943,     165,     422,       3,       0,     321,      32,494d9ea9c4c187dd21664e33c8a521bad62e5a05,     828,     147,     368,       4,       0,     277,      32
xournalpp/xournalpp,62312496092f5f717246f87d2ca85a739f609adb,    3444,     364,     991,       5,       0,    2084,       0,38d235d457e8f25ec9e759421d078586c4fe7553,    3444,     364,     991,       5,       0,    2084,       0
xrootd/xrootd,a26c586cf9dd002d7655e834df5365daa083c5da,    7931,    2300,    4558,      39,       0,    1034,       0,945f0dbcacbaaa938acb922aa71ecb6cb6976bf2,    6784,    1952,    3833,      61,       0,     938,       0
zeromq/libzmq,cfef04035c7eb9b1c2a64d785d1881bc80977478,    1237,      59,     412,       0,       0,      71,     695,9d9592f8307dc18c41a5878fe366a105884a8bf4,    1089,      42,     280,       1,       0,      71,     695
zeromq/zeromq4-1,a3f98304da9024f2d0ac4e838a646c231ddff5ee,    1146,      51,     346,       1,       0,      53,     695,384f8522aa22ff595802ef1c0d8da11ccd81b862,    1146,      51,     346,       1,       0,      53,     695
zeux/pugixml,a569e6a737714d33fe30284abcc2f1af1f856127,      85,      15,      53,       0,       0,      17,       0,f53bddd7d5c79c35145ab506e48b18c457026543,      85,      15,      53,       0,       0,      17,       0
